QueryText,Count,Proposed_Category
TEST CALL,74,Irrelevant/Noise
HOW WE CAN COLLECT SOIL SAMPLE,38,Crop Protection & Inputs
gaay ka dudh kam ho raha hai,25,Animal Husbandry
FARMER WANT INFORMATION ABOUT WHERE CAN GET BEE BOX,21,Animal Husbandry
CALL DISCONNECTED,19,Irrelevant/Noise
HOW TO ERADICATE GRASS IN AN OPEN FIELD,19,Unclassified
INFORMATION REGARDING SOWING TIME OF ALOEVERA ,17,Unclassified
INFORMATION REGARDING CONTROL OF MITES IN HONEY BEES,16,Animal Husbandry
Farmer asked query on Weather,16,Weather & Climate
INFORMATION REGARDING KISSAN CREDIT CARD,15,Government Schemes
PASHU DUDH KAM DE RAHA HAI,14,Animal Husbandry
INFORMATION REGARDING CONTROL OF CUT WORM IN SOIL,14,Crop Protection & Inputs
INFORMATION REGARDING HOW TO TEST BORDEAUX MIXTURE,13,Irrelevant/Noise
INFORMATION REGRDING SHORTAGE OF DAP,13,Crop Protection & Inputs
INFORMATION REGARDING CONTROL OF TERMITES IN ORCHIDS,13,Unclassified
INFORMATION REGARDING SUBSIDY OF TRACTOR ,13,Government Schemes
about emu bird,12,Animal Husbandry
INFORMATION REGARDING KISSAN CREDIT CARD ,12,Government Schemes
FROM WHERE I CAN HAVE THE POPULAR TREES,11,Unclassified
bhains dudh kam de rahi hai,11,Animal Husbandry
HOW TO CONTROL APHIDS IN TULSI,11,Unclassified
gaay ke sharir me athali hua hai,11,Unclassified
INFORMATION REGARDING SOIL TEST ,10,Crop Protection & Inputs
ASKING ABOUT THE CONTROL MEASURE TO CONTROL DAMPING OFF DISEASE INFESTATION IN HIS FLOWER NURSERY FIELD,10,Crop Protection & Inputs
poultry,10,Animal Husbandry
INFORMATION REGARDING CONTROL OF TERMITE IN LAWN,9,Unclassified
INFORMATION REGARDING SOWING TIME OF ASHWAGANDA,8,Unclassified
INFORMATION REGARDING TRANING OF VERMICULTURE,8,Unclassified
emu rearing,8,Animal Husbandry
hen production,7,Animal Husbandry
information regarding emu bird,7,Animal Husbandry
INFORMATION REGARDING SOWING TIME OF BABY CORN,7,Unclassified
information regarding emu,7,Animal Husbandry
test call,7,Irrelevant/Noise
Garden mein paudho mein deemak lag rahi hai,7,Unclassified
INFORMATION REGARDING CONTROL OF BHANG,7,Unclassified
IN4MATION ON EMMU FARMING,6,Unclassified
 INFORMATION REGARDING SOWING TIME OF ALOEVERA,6,Unclassified
INFORMATION REGARDING PLANTING DISTANCE OF ALOEVERA,6,Unclassified
Farmer asked query on Mandi details,6,Market & Prices
WRONG CALL,6,Irrelevant/Noise
HOW TO CONTROL MITES IN COW,6,Animal Husbandry
HOW TO CONTROL WOOLY APHID IN APPLE ORCHARD,6,Horticulture
ASKING THE SEED RATESPACING AND APPROX YIELD OF DHAINCHA ALSO ASKED THE SOURCE OF SEED FOR BUYING,6,Market & Prices
INFORMATION REGARDING WHEARE I GET POULTRY TRAINING,6,Animal Husbandry
Regarding EMU rearing,5,Animal Husbandry
asked about emu birds rearing,5,Animal Husbandry
FARMER WANTS INFORMATION ABOUT COW IS WEEK GIVING LESS MILK,5,Animal Husbandry
INFORMATION REGARDING RECOMMENDED FERTILIZER DOSE FOR 8 YEARS OLD APPLE ORCHARD,5,Crop Protection & Inputs
WET THE ANIMAL SKING AND COAT WITH WATER AND APPLY  ICHGON ON,5,Animal Husbandry
FARMER WANT INFORMATION ABOUT WHERE CAN GET BEE BOX ,5,Animal Husbandry
CALL DISCONNECT,5,Irrelevant/Noise
HOW TO INCREASE MILK PRODUCTION IN COW,5,Animal Husbandry
INFORMATION REGARDING WEATHER TODAY,5,Weather & Climate
FROM WHERE I CAN HAVE THE POPULAR TREES ,5,Unclassified
INFORMATION REGARDING CONTROL OF WEED FROM OPEN FIELD ,4,Crop Protection & Inputs
ghar me chuhe ho rahe hai,4,Unclassified
HOW TO CONTROL RATS IN FIELD,4,Unclassified
FARMER WANTS TO CONTROL OVER TERMITE IN LAWN,4,Unclassified
ghar me gay ka poushtik ahar kaise taair kare,4,Unclassified
ASKING ABOUT KISAN CREDIT CARD,4,Government Schemes
information about emu rearing,4,Animal Husbandry
HOW TO CONTROL STEM BORER IN APRICOT,4,Crop Protection & Inputs
INFORMATION ABOUT EMU REARING,4,Animal Husbandry
EMU FARMING,4,Animal Husbandry
contact no emu farm,4,Animal Husbandry
information about poultry farm,4,Animal Husbandry
to know about the rainfall status in durg dist ,4,Weather & Climate
contact number of poultry farm,4,Animal Husbandry
murgi palan ke bare me bataia,4,Animal Husbandry
HOW  WE CAN COLLECT SOIL SAMPLE ,3,Crop Protection & Inputs
MURGI PALAN KE BARE MEIN JANKARI CHAHIYE,3,Animal Husbandry
BATER PALAN KI JANKARI AUR TRAINING-CENTER,3,Animal Husbandry
murgi palan ke bare mein jankri chahiye,3,Animal Husbandry
murgi palan ke bare me bataye,3,Animal Husbandry
INFORMATION  REGARDING SOWING TIME OF ALOEVERA ,3,Unclassified
murgi palan ki jankari leni hai,3,Animal Husbandry
CONT NO OF EMU REARING PUNE,3,Animal Husbandry
information regarding emu farm,3,Animal Husbandry
DAMPING OFF DISEASE INFESTATION IN HIS FLOWER NURSERY,3,Crop Protection & Inputs
CONTACT NO OF EMU FARMER ASSOCIATION,3,Animal Husbandry
emu farming,3,Animal Husbandry
INFORMATION REGARDING CONTROL LEAF EATING BEETLES IN ALMONDS ,3,Animal Husbandry
PUMP PANI NAHI UTHA RAHA HAI,3,Unclassified
enu birds ki jankari,3,Unclassified
contact no of poultry farm,3,Animal Husbandry
Emu farming,3,Animal Husbandry
Test CAll,3,Irrelevant/Noise
emo palan ki jankari dai,3,Unclassified
availbility of quail,3,Animal Husbandry
ghar mai rake chaval mai kede ho gaye hai,3,Unclassified
Farmer apni crop other state me bechane ke bare me jankari chahta hain,3,Unclassified
asked about rearing of emu birds,3,Animal Husbandry
amu palan,3,Unclassified
INFORMATION REGARDING CONTROL LEAF EATING BEETLES IN ALMONDS,3,Animal Husbandry
Test Call,3,Irrelevant/Noise
murgi palan ke bare mein jankri de,2,Animal Husbandry
TO KNOWN ABOUT TRAINING OF POULTRY CULTIVATION,2,Animal Husbandry
bird eno cultivation ki jankari den,2,Unclassified
DISEASE OF DUCK,2,Animal Husbandry
murgi palan karna chhate hai,2,Animal Husbandry
aimu palan kerna hai,2,Unclassified
farming of duck,2,Animal Husbandry
farmer want to know about emu farming,2,Animal Husbandry
fish ke bare m jankari,2,Animal Husbandry
AVAILABILITY OF CHICKS,2,Animal Husbandry
ASKING ABOUT SUGGESTION TO INCREASE MILK OF MILK,2,Animal Husbandry
INFORMATION REGARDING CONTROL OF APHIDS IN BELL PEPPER,2,Unclassified
INFORMATION REGARDING  SOWING SEASON OF AONLA,2,Unclassified
TEst CAll,2,Irrelevant/Noise
connect  to leval-2,2,Unclassified
asked for hen cultivation subsidy,2,Animal Husbandry
HOW TO IMPROVE MILK OUR BUFFALO,2,Animal Husbandry
information regarding new plan of govt,2,Unclassified
INFORMATION REGRDING WHICH INSECTICIDE AFTER CONTAF USED IN APPLE TREES AT PEAT SIZE STAGE,2,Crop Protection & Inputs
gives contact no of emu rfarmer association pune,2,Animal Husbandry
INFORMATION REGARDING CONTROL OF ROOT ROT IN BHINDI,2,Crop Protection & Inputs
to know about the rain fall status in durg dist ,2,Weather & Climate
information about rabit rearing,2,Unclassified
DISEASE OF POULTRY,2,Animal Husbandry
information about emu farm,2,Animal Husbandry
emu bird farming,2,Animal Husbandry
CALL DIS,2,Irrelevant/Noise
ASKED ABOUT CULTIVATION PRACTICES OF CHICKEN,2,Animal Husbandry
INFORMATION REGARDING CONTROL CATERPILLER IN BLACK GRAM,2,Unclassified
murgi palan ki jankari,2,Animal Husbandry
kisan call center kai barai mai jankari dai,2,Irrelevant/Noise
ASKED ABOUT PREVENTIVE MEASURES OF GILL ROT DISEASE IN CARPS,2,Crop Protection & Inputs
ASKING ABOUT SOLUTION FOR SUDDEN DEATH OF GOATS,2,Animal Husbandry
ASKING FOR THE COMPONENTS REQUIRED FOR BIO GAS PLANT GOBAR GAS,2,Unclassified
khargos palan ke bare mein jankari chahiye,2,Unclassified
pashu mela uttrakhand mai kaha lagta hai,2,Animal Husbandry
phalo ko kis rasayan se pakaya jata hai,2,Unclassified
 FARMER WANTS INFORMATION ABOUT   COW HAS FEVER HAVING REDDISH EYES,2,Animal Husbandry
INFORMATION REGARDING  CONTROL ROOT ROT IN APPLE,2,Crop Protection & Inputs
chicken,2,Animal Husbandry
phalo ko kaise pakaya jata hai,2,Unclassified
availbility of poultry,2,Animal Husbandry
 INFORMATION REGRDING SHORTAGE OF DAP,2,Crop Protection & Inputs
duck is not lay eggs,2,Animal Husbandry
HOW TO CONTROL WOOLY APHID IN APPLE ORCHARD ,2,Horticulture
INFORMATION REGARDING CUT WORM IN SOIL,2,Crop Protection & Inputs
pashu ka dudh nahi aa raha hai,2,Animal Husbandry
INFORMATION REGARDING HOW TO TEST BORDEAUX MIXTURE ,2,Irrelevant/Noise
asked about emu birds,2,Animal Husbandry
asked about emu bird,2,Animal Husbandry
asked about emu birds  available places,2,Animal Husbandry
INFORMATION REGARDING CONTROL OF RATS IN FIELD ,2,Unclassified
no of poultry farm,2,Animal Husbandry
PANT NAGAR KISSAN MELA KAB SE KAB TAK HAIN,2,Unclassified
INFORMATION REGARDING BEE- KEEPING ,2,Animal Husbandry
CONTACT NO OF POULTRY FARM,2,Animal Husbandry
related emu,2,Animal Husbandry
vellore veterinary dept contact no,2,Animal Husbandry
INFORMATION ABOUT EMU,2,Animal Husbandry
poultry farming,2,Animal Husbandry
about emu bird rearing,2,Animal Husbandry
AVAILABILITY OF BANRAJ CHICKS,2,Animal Husbandry
INFORMATION REGARDING SOWING TIME OF ALOEVERA,2,Unclassified
emu bird rearing,2,Animal Husbandry
poutry form information,2,Unclassified
information regarding give me vet contect no ,2,Unclassified
HOW TO IMPROVE MILK OUR BUFFALO ,2,Animal Husbandry
pashu dudh kam de raha hai,2,Animal Husbandry
INFORMATION REGARDING SHORTAGE OF DAP ,2,Crop Protection & Inputs
hatching period of turkey,2,Animal Husbandry
tirunelveli veterinary dept contact no,2,Animal Husbandry
quail availbility,2,Animal Husbandry
INFORMATION ABOUT DUCKERY CULTIVATION,2,Animal Husbandry
chicken availbility,2,Animal Husbandry
INFORMATION REGARDING CONTROL OF LEAF SPOT IN MARIGOLD,2,Unclassified
INFORAMTION REGARDING  CONTROL OF APPLE LEAF MINER,2,Horticulture
TO KNOW ABOUT THE RAINFALL IN OUR DISTRICT,2,Weather & Climate
CONTACT NUMBER OF DUCK FARM,2,Animal Husbandry
Emu bird rearing,2,Animal Husbandry
information about EMU,2,Animal Husbandry
WHERE I CONTACT FOR ZIPSUM,2,Unclassified
INFORMATION REGARDING CONTROL OF BLIGHT IN BLACKGRAM,2,Crop Protection & Inputs
INFORMATION REGARDING CONTROL OF MITES IN HONEY BEE ,2,Animal Husbandry
INFORMATION REGARDING CONTROL OF WEED FROM OPEN FIELD,2,Crop Protection & Inputs
IN4MATION ON EMMU REARING,2,Unclassified
INFORMATION REGARDING CONTROL OF COLLAR ROT DISEASE IN APPLE TREE ,2,Crop Protection & Inputs
 INFORMATION REGARDING CONTROL OF TERMITE IN LAWN ,2,Unclassified
cont no of emu rearing centre of pune,2,Animal Husbandry
INFORMATION REGARDING TO WHOM CONTACT TO GET SUBSCIDE ON IRRIGATION PUMP SET ,2,Unclassified
emoo ki jankari,2,Unclassified
ASKING ABOUT THE SUBSIDY RATE OF ASSAM AGRICULTURAL COMPETITIVENESS PROJECT TO GET POWER TILLER,2,Government Schemes
name of chicken breeds,2,Animal Husbandry
INFORMATION REGARDING CONTROL OF MITES IN HONEY BEE,2,Animal Husbandry
Asked about EMU rearing,2,Animal Husbandry
WHAT IS KISAN CALL CENER,2,Irrelevant/Noise
 INFORMATION REGARDING CONTROL OF PUMPKIN BEETLE IN BOTTLEGOURD,2,Animal Husbandry
SPECIES OF DESHI CHIKEN,2,Unclassified
murgi palan ki jankari digia,2,Animal Husbandry
INFORMATION REGARDING CONTROL OF TERMITE IN LAWN ,2,Unclassified
IN4MATION ON APICULTURE,2,Unclassified
INFORMATION REGARDING CONTROL OF FOOT ROT IN GRAPE,2,Crop Protection & Inputs
emu palan ke jankari,2,Animal Husbandry
ABOUT EMU FARMING,2,Animal Husbandry
INFORMATION REGARDING CONTROL OF NESTS OF THE ANTS ,2,Unclassified
INFORMATION REGARDING CONTROL OF BHANG FROM OPEN FIELD,2,Unclassified
EMU PALAN,2,Animal Husbandry
INFORMATION REGARDING CONTROL OF MINOR INSECTS IN PAPAYA,2,Crop Protection & Inputs
how to do emu farming ,2,Animal Husbandry
BANARAJ CHICKEN AVAILABILITY,1,Animal Husbandry
turkey rearing details,1,Animal Husbandry
puthukottai veterinary number -,1,Animal Husbandry
tell me about emu farming,1,Animal Husbandry
WHERE I CONTACT FOR TRAINING ON POULTRY PRODUCTION,1,Animal Husbandry
BEE KEEPING,1,Animal Husbandry
I WANT TO IMU BIRDS RELATED KNOWLEDGE,1,Unclassified
BANARAJ CHICKEN AVAILABILY,1,Animal Husbandry
pudukottai veterinary dept contact no,1,Animal Husbandry
CONTACT NO OF EMU FARM,1,Animal Husbandry
vankozhli egg availablity  contact,1,Unclassified
inforation regarding emu bird,1,Animal Husbandry
how to rear chik,1,Unclassified
goat farming  contact,1,Animal Husbandry
TELL ME IMU RELATED KNOWLEDGE,1,Unclassified
asking about the incubator,1,Unclassified
TELL ME CONTECT FOR EMU FARMING,1,Animal Husbandry
polutry production,1,Unclassified
emu farm government support,1,Animal Husbandry
WHERE I CONTACT FOR EMU CULTURE,1,Animal Husbandry
I WANT TO IMU BIRD RELATED KNOWLEDGE,1,Unclassified
asaking about chick ingupator,1,Animal Husbandry
asking about the hen production,1,Animal Husbandry
Veterinary University and training center in coimbatore,1,Animal Husbandry
poultry farming details  subsidy,1,Animal Husbandry
INFORMATION REGARDING EMU,1,Animal Husbandry
emu details,1,Animal Husbandry
veterinary research station number,1,Animal Husbandry
can we use agriculture manure of egg waste,1,Crop Protection & Inputs
TELL ME ABOUT EMU BIRD RAIRING,1,Animal Husbandry
information regarding EMU,1,Animal Husbandry
information regarding to emu farming,1,Animal Husbandry
asking about the incubation details,1,Unclassified
poultry development corporation contact information,1,Animal Husbandry
EGG PRODUCTION IN CHICKEN,1,Animal Husbandry
Contact number of poultry farm,1,Animal Husbandry
starting poultry farm,1,Animal Husbandry
swan hacthing period,1,Animal Husbandry
maximum no of  eggs laid by swan,1,Animal Husbandry
poultry availbility,1,Animal Husbandry
Poultry farm contact number,1,Animal Husbandry
quail-for laying eggs,1,Animal Husbandry
to get quail,1,Animal Husbandry
phone no of poultry farm,1,Animal Husbandry
Tell me about emu farming,1,Animal Husbandry
poultry farm number,1,Animal Husbandry
vaccination in poultry,1,Animal Husbandry
hacthing period of turkey,1,Animal Husbandry
how many eggs laid by emu,1,Animal Husbandry
quail avilbility,1,Animal Husbandry
auail availbility,1,Unclassified
wheher quail farming is prohibited,1,Animal Husbandry
Tarki variety chicken details,1,Animal Husbandry
Chicken Waste manangement,1,Animal Husbandry
piegon avilbility,1,Unclassified
About Parrrot disease ,1,Crop Protection & Inputs
Give the information about emu farming,1,Animal Husbandry
contact number of duck farm,1,Animal Husbandry
egg availability,1,Unclassified
poultry rearing,1,Animal Husbandry
about chik,1,Unclassified
about emu bird availability,1,Animal Husbandry
cultivation practices,1,Unclassified
contact no of duck farm,1,Animal Husbandry
POULTRY AVAILBILITY,1,Animal Husbandry
kozhippen,1,Unclassified
incubator availbility,1,Unclassified
CONTACT NO OF DUCK FARM,1,Animal Husbandry
availbility of chicken,1,Animal Husbandry
availbility of duck,1,Animal Husbandry
contact number of emu farm,1,Animal Husbandry
QUAIL LAYING TIME,1,Animal Husbandry
purchsing a incubator for 50 hens,1,Animal Husbandry
how to market emu egg,1,Animal Husbandry
poultry development corporation contact info,1,Animal Husbandry
Where Quail chicks are available,1,Animal Husbandry
availbility quail for farming,1,Animal Husbandry
emu farm contact number,1,Animal Husbandry
training for poultry farming,1,Animal Husbandry
vaccination time of day old chicken,1,Animal Husbandry
hen not laying egg,1,Animal Husbandry
contact number of  poultry farm,1,Animal Husbandry
hacthing period of chicken,1,Animal Husbandry
Information on EMU rearing,1,Animal Husbandry
CHIKEN RATE,1,Market & Prices
turky information,1,Unclassified
poutry information,1,Unclassified
info abt rr birds,1,Unclassified
ASKED ABOUT POULTRY FARM,1,Animal Husbandry
weather cond,1,Weather & Climate
info abt  deshi poultry breed,1,Animal Husbandry
varieties,1,Unclassified
eggs market,1,Market & Prices
info abt subcidy on poultry,1,Animal Husbandry
What farming practices of Emu Farming,1,Animal Husbandry
info abt cotrant farming of poultry farm,1,Animal Husbandry
ABOUT POLTRY FARM SUBSIDY,1,Government Schemes
DUCK DISEASE,1,Animal Husbandry
LICE IN HEN,1,Animal Husbandry
EMU BIRD PROJECT,1,Animal Husbandry
GROWTH,1,Unclassified
DUCKERY FARMING,1,Animal Husbandry
DUCK EGG,1,Animal Husbandry
GALL MIDGE ATTACK IN RICE,1,Unclassified
DUCKERY,1,Animal Husbandry
LAYERS 8MTH OLDNOT LAYING EGGS,1,Unclassified
EMU BIRDS,1,Animal Husbandry
EMU PROJECT MANAGENT,1,Animal Husbandry
rabbit farming information,1,Animal Husbandry
Tell me about rabbit farming,1,Animal Husbandry
Dear sir your query was-About Emu farming ,1,Animal Husbandry
farmer want to know about the duck forming,1,Animal Husbandry
give me information about quails farming,1,Animal Husbandry
farmer want to kmow about the emu farming,1,Animal Husbandry
GIVE THE INFORMATION ABOUT EMU FARMING,1,Animal Husbandry
what is Emu farming and Details,1,Animal Husbandry
farming practices of apiculture,1,Unclassified
give me information about fishries,1,Animal Husbandry
Where I contact for training of farming of emu ,1,Animal Husbandry
poultry apppaliences,1,Animal Husbandry
Q Poultri farm ,1,Unclassified
Q Give  Emu information,1,Animal Husbandry
Duck reproduction information,1,Animal Husbandry
EMU FECONDITY,1,Animal Husbandry
About Emu farming ,1,Animal Husbandry
how to do avian of ostrich,1,Animal Husbandry
i wnat to information about emu farming,1,Animal Husbandry
asking about vetnary trainning,1,Unclassified
moisture problem at poltry farm,1,Unclassified
birds cultural activities,1,Unclassified
information about rabbit farming,1,Animal Husbandry
info vaccination,1,Unclassified
Information about EMU Farming,1,Animal Husbandry
mer ki ghass kaise khatam kare,1,Unclassified
pashudhan samasya kendra ka kya number hai,1,Animal Husbandry
RAJMA KE LAGANE KA SAME,1,Unclassified
POPULAR KE KHET ME URBARK KITNI MATRA ME DALE,1,Unclassified
Emo farming ke bare mai bataye,1,Unclassified
pls tell me emu farming,1,Animal Husbandry
WHERE I CAN GET INFORMATION ABOUT EMU FARMING,1,Animal Husbandry
TELL ME I WANT TO POULTRY FARMING,1,Animal Husbandry
pls tell me contect number IVRI,1,Irrelevant/Noise
pls tell me about emu bird,1,Animal Husbandry
i want to boiler chiks,1,Unclassified
contect no of west bengal dairy bourd,1,Unclassified
availability of eve bird,1,Unclassified
contact number for livestock Research station,1,Animal Husbandry
asked about market information of emu birds,1,Animal Husbandry
asked about  emu birds,1,Animal Husbandry
availability of giri raja hens,1,Animal Husbandry
asked about emubirds,1,Animal Husbandry
asked about poultry farm information,1,Animal Husbandry
ASKING ABOUT BROILER FARMING,1,Animal Husbandry
ASKING ABOUT THE CONSTRUCTION OF POULTRY SHED,1,Animal Husbandry
ASKING ABOUT EMU BIRDS AVAILABILITY AND FARMING,1,Animal Husbandry
Asking about the treatment of poultry,1,Animal Husbandry
ASKING ABOUT THE SYMPTOMS OF RANIKHET DISEASE IN POULTRY,1,Animal Husbandry
chicken -layer,1,Animal Husbandry
contect no of west bengal animal husbandry department no,1,Animal Husbandry
emu ke palan se sambandhit puri jankari,1,Animal Husbandry
EMU KE MILNE KA ADDRESS,1,Animal Husbandry
nakli kissan call center ke bare mai puchaa,1,Irrelevant/Noise
khali khet mai kharpatvar ke liye kya dale,1,Unclassified
pusp vigyan kendra pantnagar ka kya number hai,1,Irrelevant/Noise
sarson ka bij pantnagar mai kaha milega,1,Unclassified
chirag ngo ka kya number hai,1,Irrelevant/Noise
bater palan ke baare me bataye,1,Animal Husbandry
Poltry ke bare mai purn jankari de,1,Unclassified
phalo ko kis rasayan se pakaya gata hai,1,Unclassified
selective herbicide mai root application vali kaun si hai,1,Crop Protection & Inputs
kanpur university ka toll free number kya hai,1,Irrelevant/Noise
fasloo ke mitra keet kya hota hai,1,Unclassified
barish hone ki kya sambhavnaa hai,1,Unclassified
khet mai nil gay ho rahi hai kya kare,1,Unclassified
RAJMA KE LIYE FERTILIZERS BATAYE,1,Crop Protection & Inputs
malta ke pedper malta sad ja rahe hai pathiya pili ho rahi hai,1,Unclassified
adrak sad rahi hain,1,Unclassified
SORGHUM TOXICITY  KYA HOTA HAI,1,Unclassified
mira 71 kya hai kripya batane ka kast kare,1,Unclassified
barseem ka sowing season kiya hai,1,Unclassified
krishi ki masik patrika kaha se le,1,Unclassified
POPLER ke varieties BATAYEE KYA HAI,1,Unclassified
popular ke ped mai kede ched karne ke bad ped se burada nikal raha hai,1,Unclassified
sagoun ke ped lambai 25 fit ka hai mota nahi ho raha hain kya kare,1,Unclassified
Tuwell ke liye Bijli ka cinection krana hai,1,Unclassified
GIVE ME CONTCT NO OF ANIMAL HUSBENDERY DEPT,1,Animal Husbandry
details about tarkey production,1,Unclassified
contact number for livestock research station,1,Animal Husbandry
veterinary details,1,Animal Husbandry
muripapalan chata hu,1,Unclassified
murgi palan ke bare bate,1,Animal Husbandry
POLTRY FARM ME GARMI ME BACCHE MAR JATE HAI,1,Unclassified
emu farming ki jankari chahiy,1,Animal Husbandry
MURGI PALAN KARNA HAI,1,Animal Husbandry
INFORMATION TO POLTRIFORM,1,Unclassified
KAKDI ME KIDA LAGA HAIN KOUN SI DAVA KA SPRAY KARE ,1,Unclassified
Poultry farm kholn hain mans ke liye koun si varitey acchi hain bataye,1,Animal Husbandry
TURKEY HACHTING PERIOD - 28 DAYS,1,Animal Husbandry
kya urea ko garam pani mai ghol sakte hai,1,Crop Protection & Inputs
poultry pala per kitnee sabseedi hai,1,Animal Husbandry
pantnagar fish department ka kya number hai,1,Animal Husbandry
murgi palan ke liye lone lena hai,1,Animal Husbandry
popular ki kheti jankari dijiyee,1,Unclassified
Dhaincha ka buwai ke samay kay hai seed ke leye,1,Unclassified
adrak pili ho rahi hain kya kare,1,Unclassified
TELL ME CONTACT NO IJJAT NAGAR,1,Irrelevant/Noise
TELL ME CONTACT NO OF CARI,1,Irrelevant/Noise
Information about planting mango trees....?,1,Horticulture
Information about the method of planting banana....?,1,Horticulture
Transplanting of mango plant,1,Horticulture
arvi ka seed rate kya hai,1,Market & Prices
asked about emu,1,Animal Husbandry
contact no of hacthery,1,Irrelevant/Noise
Q govt schemes,1,Government Schemes
information to rarring rabit,1,Unclassified
want contact no for puchasing chicks,1,Animal Husbandry
Books For Poultry,1,Animal Husbandry
contact number,1,Irrelevant/Noise
loan,1,Government Schemes
ABT GOVT SCHEAMS ,1,Unclassified
poultry farming contact number,1,Animal Husbandry
ADRESS OF POULTRY FARM ,1,Animal Husbandry
ASKED FOR THE CONTACT NO OF EGG HATCHING CENTRE,1,Irrelevant/Noise
tell me about poultry,1,Animal Husbandry
honey bees center in pune address,1,Animal Husbandry
poulry,1,Unclassified
egg laying ,1,Unclassified
availity of birds,1,Unclassified
info abt vaccination of poultry breed,1,Animal Husbandry
EMU CULTIVATION,1,Animal Husbandry
OSTRICH FARMING,1,Animal Husbandry
PARROT,1,Unclassified
BANKS NOT FINANCING POULTRY FARMING,1,Animal Husbandry
what is give you information catagery of poultry,1,Animal Husbandry
CITRUS AFFECTED BY BLIGHT,1,Crop Protection & Inputs
TELL ME INFORMATION ABOUT BATER,1,Animal Husbandry
Ask About Poultry Farm Scheme ,1,Animal Husbandry
HOW TO FIND OF EMU,1,Animal Husbandry
EMU PALAN BATA DE,1,Animal Husbandry
satur murg palna chta hu,1,Unclassified
Kya suturmurga palan kiya ja sakta hai,1,Unclassified
emu palan ke bare bataye,1,Animal Husbandry
poultary ke lia subsity kaha se milegi,1,Unclassified
emu palan karna hai,1,Animal Husbandry
chiken khan nahi kha rahi hai,1,Unclassified
emu,1,Animal Husbandry
madhumakhi ke 1 dibbe se kitna sahad mil jata hai,1,Unclassified
POLTRY QUIRY,1,Unclassified
what process to emu farming ,1,Animal Husbandry
khet ki urbara sakti kaise barayee,1,Unclassified
EMU PALAN KRNA HAI,1,Animal Husbandry
bater palan ki jankari,1,Animal Husbandry
Bee palne ke bare me janna hai,1,Animal Husbandry
emu palan ke bare me,1,Animal Husbandry
EMU FARMING KE BARE ME BATAYE,1,Animal Husbandry
TRAINING OF POLTRY FARM,1,Unclassified
poultry farming training karna hai,1,Animal Husbandry
emu palan ke baare me bataye,1,Animal Husbandry
POLTRAY FORM KHOLNA CHAHATE HAI,1,Unclassified
information of mentha,1,Unclassified
batakh palne ke liye area ki tana ho,1,Unclassified
India me ketane kvk work kar rahe hai,1,Unclassified
murgipalan karna hai,1,Animal Husbandry
thanjavur veterinary contact no,1,Animal Husbandry
asking about emu farm making detrails,1,Animal Husbandry
quail production training,1,Animal Husbandry
emu farm details,1,Animal Husbandry
rajapalayam veterinary dept contact no,1,Animal Husbandry
details about Duck rearing,1,Animal Husbandry
asking emu rearing,1,Animal Husbandry
detail for turkey hatching period,1,Animal Husbandry
asking about poultry ingupator,1,Animal Husbandry
detail for incubator- chiks,1,Unclassified
chicken rearing training details,1,Animal Husbandry
asking about the emu production,1,Animal Husbandry
emu palan,1,Animal Husbandry
marketing for turkey,1,Animal Husbandry
turkey incubation period,1,Animal Husbandry
drum stick planting spacing,1,Unclassified
shoot and fruit borer in brinjal,1,Crop Protection & Inputs
chicken rearing details,1,Animal Husbandry
sugarcane inter cropping,1,Unclassified
availability of chicken,1,Animal Husbandry
detail for chicks rearing,1,Animal Husbandry
veterinary department in thiruvannamalai,1,Animal Husbandry
kaadai farm making details  contact,1,Unclassified
ASKING ABOUT VETY PROBLEM,1,Unclassified
ASKING ABOUT TREATMENT OF WORMS INFESTATION IN DUCK,1,Animal Husbandry
poultry farm making details,1,Animal Husbandry
hen for egg laying,1,Animal Husbandry
emu palan karna hia,1,Animal Husbandry
EK MURGI KITNE DIN BAD ANDA DETI HAI,1,Animal Husbandry
emu ek sal me kitne egg deti hai,1,Animal Husbandry
ASKED ABOUT CHICKEN PRODUCTION BOOKS,1,Animal Husbandry
ANT,1,Unclassified
CULTIVATION PRACTICE OF SWAN,1,Animal Husbandry
TO CONTROL OF BLIGHT IN CICUS,1,Crop Protection & Inputs
about diary,1,Unclassified
poltry production ke market kya kre,1,Market & Prices
QBATERQUAIL rearing ,1,Unclassified
give me information about fishries ,1,Animal Husbandry
MURGE PALAN KARNA HAI,1,Unclassified
availablity of ammu birb,1,Unclassified
avine production ,1,Unclassified
source of HANAS batakh availability,1,Unclassified
ghar par cuha ho raha hai,1,Unclassified
aamu palan ke bare me jankare de,1,Unclassified
khet mai dub ghas ho rahi hai,1,Unclassified
kya kisan call center mai is samay vacancy hai,1,Irrelevant/Noise
ham aemu palan karana chate hai,1,Unclassified
batak kai bacha kaha sai mila gai,1,Unclassified
Emu prapti ka easthan batai,1,Animal Husbandry
Emo palan kaise kare,1,Unclassified
KHET MAI MOTHA HO RAHA HAI,1,Unclassified
bater farming information,1,Animal Husbandry
murgiyo  ko dast ho rahe he,1,Animal Husbandry
KRASHI CHINTAN ME BATER PALAN KE BARE ME LIKH A HE,1,Animal Husbandry
MURGE KI PROBLEM HAI,1,Unclassified
vater palan ki trenig lani hai,1,Unclassified
emu palan ki training ke bare me,1,Animal Husbandry
rabits palan ke bare me bataia,1,Unclassified
EMU PALAN KE BACHCHE KAHA MILEGE,1,Animal Husbandry
POLTRY FORM OPEN,1,Unclassified
murgi palan ke kia loan  ke bare me bataia,1,Animal Husbandry
badaK PALAN KE BARE JANANA CHATA HU,1,Unclassified
dane banane ki kya,1,Unclassified
emu khan se lai,1,Animal Husbandry
emupalan ke bare me jankari chahai,1,Animal Husbandry
Emu palan ki jankari,1,Animal Husbandry
murgi palan ke training kerna hai,1,Animal Husbandry
poltrycultur,1,Unclassified
Nahar nahi aa rahi hai,1,Unclassified
Bater palan se sambandhit jankari,1,Animal Husbandry
what is contact number and farming practices in emu farming in india,1,Animal Husbandry
infarmetion in emu birds,1,Animal Husbandry
emu kaha se milega,1,Animal Husbandry
eum pala ke bare me bataye,1,Unclassified
madhumakhi palan hetu jankari,1,Unclassified
emu palan ki jankari,1,Animal Husbandry
emu palan ki jankari chahi,1,Animal Husbandry
duck egg kam de rhe hai,1,Animal Husbandry
fish upar se kali pad rahi he,1,Animal Husbandry
battak ke bachcho ka rakhrakhab ki jankari,1,Unclassified
cari ka phone no chahiye,1,Irrelevant/Noise
murgi palan k liye training k liye kaha samperk karein,1,Animal Husbandry
MURGE PALAN KA LIYA UCHIT MARGDARSAN KARAY,1,Unclassified
chicken ki jankari,1,Animal Husbandry
pakshi anushandhan sansthan ka no batayen,1,Unclassified
MURGE PALAN KA BARAY ME BATAY,1,Unclassified
murgi palan ki training karna hai,1,Animal Husbandry
MURGE PALAN KE JANKARE,1,Unclassified
call dis,1,Irrelevant/Noise
murgi palan karna chahte hai,1,Animal Husbandry
batair palan ki jankari den,1,Unclassified
emu farming kaise ki jaye,1,Animal Husbandry
murgi palan ki janakari de ,1,Animal Husbandry
Murgi ke anus se kide aa rahe hai,1,Animal Husbandry
murgi palaln se related,1,Animal Husbandry
emo ki jankari den,1,Unclassified
MURGE PALAN KE TRANING KA LIYA BATAY,1,Unclassified
poultry palan ki training ki jankari,1,Animal Husbandry
CHOOJO ME GROWTH NAHI HO RAHI HAI,1,Unclassified
batak palan ki jankari,1,Unclassified
duck palan ki jankari den,1,Animal Husbandry
emu birds production ki jankari den,1,Animal Husbandry
eggs price of emu,1,Animal Husbandry
Asked about site selection for Poultry farming,1,Animal Husbandry
CONTACT ADRESS OF CENTRAL FARMBHUBANESWAR,1,Unclassified
FARMING OF POULTRY,1,Animal Husbandry
ADRESS OF POULTRY FARM IN KORAPUT DISTRICT,1,Animal Husbandry
hetching of poultry,1,Animal Husbandry
FARMING OF DUCK,1,Animal Husbandry
use of poultry beat,1,Animal Husbandry
AVAILABILITY OF DUCK,1,Animal Husbandry
AVAILABILITY OF DUCKS,1,Animal Husbandry
available of poultry chick,1,Animal Husbandry
MURGI KA TAPMAN KAISE PATA KARE,1,Animal Husbandry
IMPROPER GROWTH OF DUCKS,1,Animal Husbandry
BREEDS OF DUCKEGG PURPOSE,1,Animal Husbandry
DETAIL INFORMATION ABOUT EMU BIRD,1,Animal Husbandry
DETAIL INFORMATION ABOUT POULTRY CULTIVATION,1,Animal Husbandry
AVAILABLE OF CHICK,1,Animal Husbandry
AVAILABILITY OF GUNDURI CHICKS,1,Animal Husbandry
I WANT TO KNOW ABOUT POULTRY PRODUCTION,1,Animal Husbandry
WHERE I CONTACT FOR DETAIL INFORMATION ABOUT POULTRY PRODUCTION,1,Animal Husbandry
TELL ME INFORMATION OF INCUBATAR,1,Unclassified
EMU hen rearing,1,Animal Husbandry
duck cultivation ki jankari,1,Animal Husbandry
AVAILABILITY OF DUCKS CHICKS,1,Animal Husbandry
FARMER SEES INFORMATION ABOUT THE TRAINING AND PRUNING OF APPLE TREE,1,Horticulture
phoolo ki kheti karni hai,1,Unclassified
ASKING ABOUT THE CONTROL MEASURE TO CONTROL STORED GRAIN PEST INFESTATION IN STORING,1,Crop Protection & Inputs
ASKING ABOUT SOME MICRONUTRIENT NAME,1,Unclassified
ASKING ABOUT THE CONTROL MEASURE OF APHID,1,Unclassified
spacing for bamboo CROPS,1,Unclassified
PRE-EMERGENCE HERBICIDES IN VEGETABLES,1,Crop Protection & Inputs
FARMER WANTS INFORMATION ABOUT COW IS WEEK GIVING LESS MILK ,1,Animal Husbandry
NFORMATION REGARDING WHEARE I GET POULTRY TRAINING,1,Animal Husbandry
bhains ka sing tut gaya hai,1,Unclassified
TRAINING OF BEE KEEPING,1,Animal Husbandry
27-INFORMATION REGARDING SOWING TIME OF ASHWAGANDA,1,Unclassified
INFORMATION REGARDING CONTROL CATERPILLER IN BRINJAL,1,Horticulture
INFORMATION REGARDING CONTROL OF DIE BACK IN BOTTLE GOURD,1,Unclassified
INFORMATION REGARDING CONTROL OF ROOT ROT IN CHILLI,1,Crop Protection & Inputs
ASK ABOUT TRANING PROGRAMME ON ORNAMENTAL FISH CULTURE,1,Animal Husbandry
TELLING THAT HE WANTS TO PRESERVE HIS CUT FLOWERS TO KEEP FRESH FOR A PERIOD OF 15 DAYS HOW WOULD IT WILL BE POSSIBLE AND ASKING THE PREVENTIVE MEASURE FOR THE SAME,1,Horticulture
ASKING ABOUT APPLICATION OF LIME IN PEA,1,Unclassified
HOW MUCH SUBCIDES IN MICRO-IRRIGATIN SYSTEAM ,1,Unclassified
FRUIT PLANTS ARE AFFECTED BY LOW GROTH PROBLEM,1,Horticulture
TELL ME SOIL AFFECTED BY TERMITE,1,Crop Protection & Inputs
GOVT SCHEMES FOR BORE WELL,1,Government Schemes
  INFORMATION REGARDING CONTROL OF BHANG,1,Unclassified
WHERE BEE KEEPING BOX ARE SOLD,1,Animal Husbandry
SELF EMPLOYMENT THROUGH POULTRY FARMING,1,Animal Husbandry
tow know about the training program in mushroom ,1,Horticulture
to know about the honey prodution training ,1,Animal Husbandry
To know about the information of bsnl TOLL FREE NUMBER,1,Irrelevant/Noise
to know about the mushroom production ,1,Horticulture
to know about the wether report of durg dist ,1,Unclassified
to know about the rainfal staus in durg dist,1,Weather & Climate
to know abut the rainfall status in durg dist ,1,Weather & Climate
to know about the rainfall stuts in durg dist ,1,Weather & Climate
to know about the information of bater farm,1,Animal Husbandry
INFORMATION REGARDING BLACK RUST IN ALMOND,1,Unclassified
to know about the subsidy in repper ,1,Government Schemes
thanks call,1,Irrelevant/Noise
to know about the avability in mushroom spon ,1,Horticulture
to know about the soil test in feild ,1,Crop Protection & Inputs
to know about the contact information about emu bird farm,1,Animal Husbandry
to know abut the kisan creidit card ,1,Unclassified
to know about the avability of mushroom spon ,1,Horticulture
Farmar Testing call,1,Crop Protection & Inputs
Asking about pigery farming ,1,Animal Husbandry
ASKING ABOUT MANAGEMENT OF DUCK FARM,1,Animal Husbandry
HOW TO CONTROL LEAF SPOT IN BLACK GRAM,1,Unclassified
to know abut the rainfall staus in rajnadgaon dist,1,Weather & Climate
EK POTASIK URVARAK KA NAM,1,Unclassified
PHALO KO KAISE PAKAYA JATA HAI,1,Unclassified
AMONIOUM SULPHATE MAI SULPHATE KITNA HOTA HAI,1,Unclassified
PASHU KA GARVH NAHI THAR RAHA HAI,1,Animal Husbandry
KHET MAI MOLIBEDNUM KITNA DETE HAI,1,Unclassified
PHALO KO KAISE PAKATE HAI,1,Unclassified
PASHU KO KILNI HO RAHA HAI,1,Animal Husbandry
pashu ke sarir mai kilni ho raha hai,1,Animal Husbandry
pashu ka garvh nahi thar raha hai,1,Animal Husbandry
FERES SULPHATE KA SPRAY KAISE KARTE HAI,1,Unclassified
INFORMATINON ABOUT EMU BIRD,1,Animal Husbandry
GAJAR GHAS KA ROKTHAM KAISE KARTE HAI,1,Unclassified
PASHU KE SARIR MAI KILNI HO RAHA HAI,1,Animal Husbandry
PHALO KO KAUN SE RASAYAN SE PAKAYA JATA HAI,1,Unclassified
khet mai dimak laga hai,1,Unclassified
BROILER CHICKEN,1,Animal Husbandry
25  HA LAND KE LIYE KITNE PUMP SET KI JARURAT HAI WITH HOURSE POWER,1,Unclassified
ASKING ABOUT SOURCE OF GOOD BREED LAYER CHICKS FOR LAYER FARMING,1,Animal Husbandry
TEST CALL ,1,Irrelevant/Noise
asking about prepration of wormicompost,1,Unclassified
ASK ABOUT POULTRY FARM,1,Animal Husbandry
INFORMATION REGARDING SERICULTURE ,1,Unclassified
PASHU DUDH KAM DE RAHI HAI,1,Animal Husbandry
CONTACT NOOF EMU FARMER ASSOCIATION,1,Animal Husbandry
information about tarki bird,1,Unclassified
CONTACT NO FOR EMU REARING,1,Animal Husbandry
ASKING ABOUT SUPPLEMENTARY FEED FOR THE BETTER GROWTH LAYER CHICKEN,1,Animal Husbandry
MAINTENANCE OF CHICKENS,1,Animal Husbandry
INFORMATION ABOUT BANRAJ CHICKEN,1,Animal Husbandry
RANIKHET DISEASE OF POULTRY,1,Animal Husbandry
NAME OF DUCK,1,Animal Husbandry
chicken price,1,Animal Husbandry
BAMBOW PLANT KIS FAMILY KA HAI,1,Unclassified
Veterinary University and training center,1,Animal Husbandry
AGRI LOAN KAHA SE MILEGA,1,Government Schemes
To know about the rainfall in our district,1,Weather & Climate
Information regarding method of lemon transplanting ?,1,Horticulture
INFORAMTION REGARDING SUBSIDY OF PUMPSET ,1,Government Schemes
FARMER WANTS INFORMATION ABOUT THE KISAN CREDIT CARD ,1,Government Schemes
INFORMATION REGARDING CONTROL OF APHIDS IN KNOL-KHOL ,1,Unclassified
vaccination of chicken,1,Animal Husbandry
BEE KEEPING KE BOX KAHA SE MILEGEN,1,Animal Husbandry
bee keeping ki training kaha se len,1,Animal Husbandry
DUCK PALAN KARNA HAI JANKARI DEN,1,Animal Husbandry
to know about the contact no of agriculture eng ,1,Irrelevant/Noise
PASHU KA THAN PHAT RAHA HAI,1,Animal Husbandry
nomber of university,1,Unclassified
dissconected,1,Unclassified
contact no of central poultry development organizationmumbai,1,Animal Husbandry
WHERE AVAILABLE EMU CHICKS,1,Animal Husbandry
imu farm information,1,Unclassified
PRICE OF ONE EMU EGG,1,Animal Husbandry
PRICE OF ONE EGGS OF EMU,1,Animal Husbandry
what is the cost of a pair of EMU bird and when does it star egg laying,1,Animal Husbandry
training for imu rearing,1,Unclassified
INFORMATION ABOUT EMU FARM,1,Animal Husbandry
INFORMATIO ABOUT EMU REARING,1,Animal Husbandry
IN4MATION ON SERICULTURE,1,Unclassified
FARMER TOLD THAT WHERE HE GET POULTRY BIRD,1,Animal Husbandry
Information regarding EMU rearing,1,Animal Husbandry
WHERE AVILABLE BATER BIRD,1,Animal Husbandry
imu information for loan purpose,1,Government Schemes
information regarding EMU rearing and period of egg laying,1,Animal Husbandry
LIFE CYCLE OF EMU BIRD,1,Animal Husbandry
in4mation on emmu farming,1,Unclassified
information about emu farming,1,Animal Husbandry
INFORMATION ON TRAINING OF APICULTURE,1,Unclassified
INFORMATION ABOUT  BATER PALAN ,1,Animal Husbandry
GENERALLY WHEN DOES EMU GIVES EGGS,1,Animal Husbandry
information about EMU farming,1,Animal Husbandry
Asked regarding EMU rearing,1,Animal Husbandry
INFORMATION REGARDING KISSAN CRDIT CARD ,1,Unclassified
INFORMATION REGARDING PHONE NUMBER OF POULTRY OFFICEER ,1,Animal Husbandry
INFORMATION REGARDING WEATHER FORECAST ,1,Weather & Climate
INFORMATION REGARDING SUBSIDY OF TRACATOR ,1,Government Schemes
INFORMATION REGARDING TRAINING IN POULTRY ,1,Animal Husbandry
INFORMATION REGARDING POULTRY FARM ,1,Animal Husbandry
INFORMATION REGQARDING SUBSIDY OF TRACTOR ,1,Government Schemes
INFORMATION REGARDING SUBSIDY OF PUMP SET ,1,Government Schemes
INFORMATION REGARDING WEATHER REPORT IN JAMMU,1,Weather & Climate
INFORMATION REGARDING PHONE NUMBER OF BEE KEEPING EXPERT ,1,Animal Husbandry
FROM WHERE I CAN HAVE POULTRY CHICKENS ,1,Animal Husbandry
subsede on poultry,1,Animal Husbandry
Contact number of Niranam Duck farm,1,Animal Husbandry
give me information about emu farming,1,Animal Husbandry
INFORMATION ABOUT ENU BIRD,1,Unclassified
CONTACT NO OF EMU FAEMER ASSOCIATION,1,Animal Husbandry
emu can be servive in maximum temp,1,Animal Husbandry
IN4MATION ABOUT APICULTURE,1,Unclassified
LIFE SPAN OF EMU BIRD,1,Animal Husbandry
price of  emu one eggs,1,Animal Husbandry
contact no of cental hatchery centrekhadaki  pune,1,Irrelevant/Noise
CONT NO OF EMU REARING CENTER PUNE,1,Animal Husbandry
information about poultry training,1,Animal Husbandry
Can i get the contact number of RPF koovapady Ernakulam,1,Irrelevant/Noise
murgipalan karna chate hai hai,1,Animal Husbandry
bater palan karana hai jankari kaha se milegi,1,Animal Husbandry
eno bird kaha se milega,1,Unclassified
madu makhi palan karna chathe hai,1,Unclassified
emo bird ki jankari,1,Unclassified
farming of emo bird,1,Unclassified
contact no of emu farmer association,1,Animal Husbandry
pROBLEM RELATED WITH POULTRY,1,Animal Husbandry
MURGI SAMBANDHIT DIKKAT HAI,1,Animal Husbandry
WHERE IS AVAILABLE THE EMU BIRDS,1,Animal Husbandry
DISTANCE BETWEEN PLANT TO PLANT  ROW TO ROW,1,Unclassified
murgi palan ke bare mein jankari,1,Animal Husbandry
emu birds ki jankari,1,Animal Husbandry
CAN WE APPLY GLUCOSE IN DRINKING WATER OF CHICKEN,1,Animal Husbandry
hony bee k bare m jan kari,1,Animal Husbandry
INFORMATION ABOUT THE KISAN CREDIT CARD ,1,Government Schemes
INFORMATION REGARDING THE KISAN CREDIT CARD,1,Government Schemes
HOW TO CANTROL FRUIT FLY OF MALTA,1,Horticulture
me kimo palan karna chata hoon,1,Unclassified
ageri loan kaha se milega,1,Government Schemes
CONTROL OF STEM ROT IN BARSEEM ,1,Crop Protection & Inputs
INFORMATION REGARDING THE KISAN CREDIT CARD ,1,Government Schemes
AMU PAKSHI KE BARE ME  JANKARI,1,Unclassified
cultivation practices poultry,1,Animal Husbandry
farming of poultry,1,Animal Husbandry
to known about duck farming,1,Animal Husbandry
availability of duck,1,Animal Husbandry
govt schemes on farmhouse,1,Government Schemes
govt schemes on poultryfarm,1,Animal Husbandry
farming of austrich,1,Unclassified
farming of chicken,1,Animal Husbandry
DETAIL INFORMATION ABOUT DUCKERY CULTIVATION,1,Animal Husbandry
cultivation of duck farming,1,Animal Husbandry
information about emu birds,1,Animal Husbandry
madu makhi palanke samband m,1,Unclassified
asking about japanese quail rearing for meat purpose,1,Animal Husbandry
governmental scheme for it,1,Government Schemes
emu birds ka contect no,1,Animal Husbandry
murgi palaan ke bare me jankari,1,Animal Husbandry
cari bareilly ka phone no chahiye,1,Irrelevant/Noise
pachhi anusandhan ka cont no ,1,Unclassified
aimu palan ke bare mein jankari chahie,1,Unclassified
emu birds ki jankari den,1,Animal Husbandry
cultivation of emo bird ki jankari den,1,Unclassified
MURGI DANA PLANT KI JANKARI,1,Animal Husbandry
BIRD PEETING CENTER,1,Unclassified
information of emu farm,1,Animal Husbandry
ASKING ABOUT  THE DETAILS IN BROILER FARMING,1,Animal Husbandry
ASAKING ABOUT THE SOURCE OF GOOD BREED DUCKLINGS FOR DUCK FARMING,1,Animal Husbandry
ASKING ABOUT THE MANAGEMENT OF LAYER FARM,1,Unclassified
ASKING ABOUT CONSTRUCTION  OF POULTRY SHED,1,Animal Husbandry
ASKING ABOUT TREATMENT OF RED SPOT ON THE BROILER BODY SURFACE,1,Animal Husbandry
ASKING ABOUT TREATMENT OF DROUZINESS IN POULTRY,1,Animal Husbandry
ASKING AOUBT THE GOOD BREED OF CHICKEN FOR EGG LAYING,1,Animal Husbandry
ASKED ABOUT FRAGILITY OF THE FIRST BATCH OF EGGS OF KROILER,1,Unclassified
WANT TO USE LITTER IN FIELD,1,Unclassified
asking about emu,1,Animal Husbandry
ask about boilogigal,1,Unclassified
INFORMATION REGARDING SUBSIDY OF TRACTOR,1,Government Schemes
ask for poutry course in aau,1,Unclassified
ask for emu development farm,1,Animal Husbandry
Ask For Cotton yellowing,1,Unclassified
ask the no of vo,1,Unclassified
contect nimber of DHO,1,Unclassified
information regarding of rabbit palan training ,1,Animal Husbandry
information regarding EMU farming ,1,Animal Husbandry
he had put the eggs in fredige he wants to put it foe heating,1,Unclassified
weather,1,Weather & Climate
emu bird cultivation,1,Animal Husbandry
raring,1,Unclassified
asking about emu farming,1,Animal Husbandry
agri loan kaha se milega,1,Government Schemes
gende ki variety koun si acchi hai,1,Unclassified
emu bird ki jankari den,1,Animal Husbandry
NFORMATION REGARDING SOIL TEST ,1,Crop Protection & Inputs
INFORMATION REGARDING TRAINING OF VERMICULTURE ,1,Unclassified
SEED RATE OF BARSEEM ,1,Market & Prices
HOW TO CONTROL STORAGE PESTS IN RICE ,1,Crop Protection & Inputs
PLS TELL ME CONTECT NUMBER TRANNING CENTER IN UJJWA,1,Irrelevant/Noise
pls tell me emu bird,1,Animal Husbandry
plstell me duck farming advantage,1,Animal Husbandry
Vaccination schedule of broiler,1,Animal Husbandry
ASKING ABOUT TREATMENT OF WHITE DIARRHOEA IN PIGEON,1,Animal Husbandry
asked about turky birds information,1,Unclassified
asked about poultry farm,1,Animal Husbandry
Information reg honey bees,1,Animal Husbandry
asked about emu barids,1,Animal Husbandry
asked about emu rearing farm,1,Animal Husbandry
asked about egg activator availability,1,Unclassified
asked about emu birds availability for rearing,1,Animal Husbandry
9492672089asked about emu birds,1,Animal Husbandry
asking source of emu eggs,1,Animal Husbandry
Asked about emu birds rearing,1,Animal Husbandry
ASKING ABOUT SOURCE OF BAN RAJA BREED OF CHICKS,1,Animal Husbandry
Asked about Poultry Establishment Details,1,Animal Husbandry
ASKING ABOUT TREATMENT OF WHITE DIARRHOEA IN POULTRY,1,Animal Husbandry
INFORMATION REGARDING CONTROL OF TERMITE IN ROOM ,1,Unclassified
INFORMATION REGARDING WEATHER REPORT IN TOMORROW ,1,Weather & Climate
INFORMATION REGARDING SUBSIDY OF FERTILIZER ,1,Government Schemes
INFORMATION REGARDING WEATHER TODAY ,1,Weather & Climate
INFORMATION REGARDING HOW WE CAN COLLECT SOIL SAMPLE,1,Crop Protection & Inputs
apply glyco powder  poushtik ahar,1,Unclassified
bhains ke bayi kokh fool rahe haijugali karna band kar dia hai,1,Unclassified
1 INFORMATION REGARDING CONTROL OF MITES IN HONEY BEES,1,Animal Husbandry
INFORMATION REGRDING RECOMMENDED VARIETIES OF MAIZE,1,Unclassified
availability of banaraj,1,Unclassified
- FLEA BEETLE IN CUCUMBER,1,Animal Husbandry
INFORMATION REGARDING CONTROL OF ITCHING OF SKIN IN COW,1,Animal Husbandry
FARMER WANTS INFORMATION ABOUT   COW HAS FEVER HAVING REDDISH EYES,1,Animal Husbandry
 FROM WHERE I CAN HAVE THE POPULAR TREES,1,Unclassified
INFORMATION REGARDING CONTROL OF POWDEREY MILDEW IN APPLE TREE,1,Horticulture
meditional plant ki jankari,1,Unclassified
FARMER WANTS INFORMATION ABOUT   COW HAS FEVER HAVING REDDISH EYES FARMER WANTS INFORMATION ABOUT   COW HAS FEVER HAVING REDDISH EYES FARMER WANTS INFORMATION ABOUT   COW HAS FEVER HAVING REDDISH EYES FARMER WANTS INFORMATION ABOUT   COW HAS FEVER HAVING REDDISH EYES ,1,Animal Husbandry
HOW TO CONTROL STEM BORER IN APRICOT ,1,Crop Protection & Inputs
FARMER SEEKS INFORMATION ABOUT THE CONTROL STEM ROT IN BOTTLE GOURD,1,Crop Protection & Inputs
INFORMATION REGARDING CONTROL OF WALNUT WEEVIL,1,Unclassified
Kaya abhi neem ki cating kar sakete hain,1,Unclassified
how to cantrol insect in couliflower,1,Crop Protection & Inputs
phalo ko kaun se rasayan se pakaya jata hai,1,Unclassified
INFORMATION ABOUT WHERE CAN GET BEE BOX,1,Animal Husbandry
INFORAMTION REGARDING  CONTROL OF ROOT ROT DISEASE IN APPLE TREE,1,Crop Protection & Inputs
bhains ki ankho se pani gir rahe hai,1,Unclassified
INFORMATION REGARDING WEATHER TODAY NIGHT,1,Weather & Climate
  INFORMATION REGARDING CONTROL OF CUT WORM IN SOIL,1,Crop Protection & Inputs
ASKED ABOUT REMADIES TO PREVENT FIN AND TAIL ROT DESEASE THAT OCCURED IN HIS POND,1,Crop Protection & Inputs
MUSHROOM KI TRAINING KAHA SE MILEGI,1,Horticulture
TERMITES PROBLEMS IN TEAK,1,Unclassified
INFORMATION REGARDING CONTROL OF CUT WORM IN BRINJAL,1,Horticulture
-NFORMATION REGARDING WHEARE I GET POULTRY TRAINING,1,Animal Husbandry
TELLING THAT THE LEAVES OF HIS ORANGE TREES ARE TURNING YELLOW AND GETTING DROP SO ASKING THE PREVENTIVE MEASURE FOR THE SAME,1,Unclassified
WHICH INSECTICIDE IS SPRAY DURING FLOWERING STAGE,1,Crop Protection & Inputs
INFORMATION REGARDING CONTROL OF POWDEREY MILDEW IN GRAPE VINE ,1,Unclassified
INFORMATION REGARDING CONTROL OF POPULAR LEAF DEFOLIATOR OF LEAF WEBBER ,1,Unclassified
ghar me gay ka poushtik ahar kaise taair kare-dana-40kggehun ka chokar,1,Unclassified
1 ha mai kitni nali hoti hai,1,Unclassified
 HOW TO ERADICATE GRASS IN AN OPEN FIELD,1,Unclassified
INFORMATION REGARDING CONTROL OF DOWNEY MILDEW IN BOTTLEGOURD,1,Unclassified
HOW TO CONTROL PIN SIZE BLACK SPOT IN APPLE,1,Horticulture
INFORMATION REGARDING FRUIT BORER IN BHINDI,1,Crop Protection & Inputs
ASKING ABOUT THE PROCEEDURE TO AVAIL KISAN CREDIT CARD,1,Government Schemes
ASKING THAT HOW TO GET CROP LOAN FROM BANK,1,Government Schemes
hadda beetle in bottle gourd,1,Animal Husbandry
ASKING THAT WHERE SOIL TESTING CAN BE DONE IN HIS DISTRICT,1,Crop Protection & Inputs
ASKING ABOUT THE CONTROL MEASURE OF TRUNK BORER,1,Crop Protection & Inputs
ASKING FOR THE CONTROL MEASURE TO CONTROL APHIDS AND CATERPILLARS IN HIS RADISH CULTIVATION DONE IN A LAND OF 3 BIGHA,1,Unclassified
soil treatment ke bare me jankari,1,Crop Protection & Inputs
where can get bee box,1,Animal Husbandry
TEST  CALL,1,Irrelevant/Noise
agriloan kaha se milega,1,Unclassified
TEst Call,1,Irrelevant/Noise
gfh,1,Unclassified
pls tell me advantage of quail farming,1,Animal Husbandry
asking about the construction of broiler shed  for farming,1,Animal Husbandry
 INFORMATION REGARDING TRANING OF VERMICULTURE,1,Unclassified
information about fishery,1,Animal Husbandry
subsidy to grow mulberry,1,Government Schemes
name of the institute where kadaknath chiken avalable,1,Unclassified
information related weather condition in Nashik,1,Weather & Climate
asked about emu raring,1,Animal Husbandry
Information regarding Apiculture,1,Unclassified
information about the EMU rearing,1,Animal Husbandry
Emu Bird Price Couple,1,Animal Husbandry
emu egg price,1,Animal Husbandry
Egg production Deshi bird,1,Unclassified
I want to start a Poultry farming so Is there any form of assistance which I can afford to start,1,Animal Husbandry
about emu,1,Animal Husbandry
FARMER WANTS INFORMATION ABOUT   COW HAS FEVER HAVING REDDISH EYES ,1,Animal Husbandry
INFORMATION REGARDING PLANTING DISTANCE OF ALOEVERA ,1,Unclassified
ASKING ABOUT TREATMENT OF REPEAT BREEDING IN COW,1,Animal Husbandry
PASHU KA GARVH NAHI TAHAR RAHA HAI,1,Animal Husbandry
HOW TO CONTROL DOWNEY MILDEW DISEASE ON CUCUMBER IN GREEN HOUSE ,1,Crop Protection & Inputs
HOW MANY EFECIENCY OF POWER TILOR,1,Unclassified
information regarding weather today,1,Weather & Climate
INFORMATION REGARDING CONTROL OF CATTERPILLAR IN KNOL-KHOL ,1,Unclassified
INFORMATION REGARDING CONTROL OF NESTS OF THE ANTS,1,Unclassified
IFORMATION REGARDING WHEARE I GET POULTRY TRAINING,1,Animal Husbandry
control gandhi insect,1,Crop Protection & Inputs
INFORMATION REGARDING HOW MUCH SBSIDY ON GREEN HOUSE ,1,Unclassified
INFORAMTION REGARDING CONTROL OF APPLE ORCHARD IN WEED,1,Crop Protection & Inputs
INFORAMTION REGARDING  CONTROL OF ROOT ROT DISEASE IN APPLE TREE ,1,Crop Protection & Inputs
Ghar mein paudho mein deemak lag rahi hai,1,Unclassified
pashu ke sarir mai kilni lag raha hai,1,Animal Husbandry
termite problem in agricultural field,1,Unclassified
bhains ke muha se lar gir rahe hai,1,Unclassified
INFORMATION REGARDING CONTROL OF CUT WORM IN POPULAR TREE ,1,Unclassified
 INFORMATION REGARDING RECOMMENDED FERTILIZER DOSE FOR 8 YEARS OLD APPLE ORCHARD ,1,Crop Protection & Inputs
INFORMATION REGARDING  CONTROL MITES ON APPLE ORCHARD,1,Horticulture
INFORMATION REGARDING RECOMMENDED FERTILIZER DOSE FOR 7 YEARS OLD APPLE ORCHARD ,1,Crop Protection & Inputs
where get loan for poultry,1,Animal Husbandry
PANTNAGAR ME MELA KAB SE HAIN,1,Unclassified
