crop,total_queries,unique_queries,total_clusters,clusters_for_85pct,median_cluster_size,algorithm,top_5_topics
Others,2940539,374056,2000,450,318,K-Means,"['about weather information', 'farmer want information about weather', 'asking about weather information insambal', 'give me weather information', 'mausam ki jankari']"
Paddy Dhan,1007905,179479,2000,647,155,K-Means,"['farmer want information about weather', 'about weather information', 'asking about weather information', 'pls give me weather information', 'mausam ki jankari chahiye']"
Wheat,992538,174034,2000,656,160,K-Means,"['farmer want information about weather', 'information for weather', 'asking about weather info', 'weed control in wheat', 'varieties of wheat']"
Sugarcane Noble Cane,282834,72337,2000,689,49,K-Means,"['farmer want information about weather', 'weather information', 'provide information on nutrient management in sugarcane crop', 'weed management in sugarcane crop', 'early shoot borer in sugarcane']"
Potato,200819,53917,2000,733,38,K-Means,"['farmer want information about weather', 'information about blight disease control in potato crop', 'information about nutrient management in potato crop', 'plant protection in potato', 'weather information']"
Mustard,127773,35837,2000,691,23,K-Means,"['farmer want information about weather', 'varieties of mustard', 'information about varieties of mustard', 'information about nutrient management in mustard crop', 'information about irrigation in mustard crop']"
Mango,118350,44542,2000,825,27,K-Means,"['insect control in mango', 'plant protection in mango', 'insect in mango', 'farmer want information about weather', 'insect problem in mango']"
Paddy (Dhan),117077,20819,2000,489,14,K-Means,"['farmer asked me about sowing time of paddy', 'weed control in paddy', 'insect control in paddy', 'insect in paddy', 'insect control in rice']"
Chillies,84883,29660,2000,787,18,K-Means,"['farmer is asking about weather information', 'leaf curl in chilli', 'insect control in chilli', 'insect in chilli', 'plant protection in chillies']"
Black Gram urd bean,83882,23956,2000,663,14,K-Means,"['farmer want information about weather', 'weather information', 'asking about weather information', 'plese give me weather information', 'insect control in urd']"
Mentha,82397,26044,2000,706,15,K-Means,"['farmer want information about weather', 'weather information', 'weed control in mentha', 'insect in mentha', 'insect control in mentha']"
Maize Makka,76387,20316,2000,579,11,K-Means,"['farmer ask weather information', 'weather information', 'asking about weather information', 'information about of insect control in maize crop', 'varieties of maize']"
Brinjal,66551,20827,2000,661,11,K-Means,"['insect control in brinjal', 'insect in brinjal', 'fruit borer in brinjal', 'farmer asking weather information', 'brinjal mein insect control']"
BovineCowBuffalo,65243,24635,2000,728,12,K-Means,"['information about animal husbandry', 'information in animal', 'information about animal husbandry information', 'any contact number of animal helpline', 'animal problem']"
Tomato,62926,24633,2000,826,14,K-Means,"['asking about weather information', 'plant protection in tomato', 'insect control in tomato', 'leaf curl in tomato', 'insect in tomato']"
Pea Vegetable,52507,19538,1953,742,11,K-Means,"['farmer want information about weather', 'varieties of pea', 'information about nutrient management in pea crop', 'asking about weather information', 'insect control in pea']"
Green Gram Moong Bean Moong,45853,14598,593,5,1,Leiden,"['farmer asked query on weather', 'moong me kida laga hai', 'moong in insect control', 'variety of moong', 'information about varieties of green gram']"
Sunnhemp Patua,45042,11754,555,2,1,Leiden,"['top borer in sugarcane', 'sc ki goph sukh rahi hai', 'sugarcane me fertilizers ki dose', '23272344238123442375 23252368 2348236923102312 2325235223442366 23612376 23322367236023502375 2342236823502325 23542327 2332236623402375 23612376', 'topboror control in sc']"
Bengal Gram GramChick PeaKabuliChana,44677,19651,1965,839,11,K-Means,"['farmer want information about weather', 'weather information', 'plant protection in gram', 'asking weather information', 'please give me weather information']"
Onion,44669,18801,1880,787,11,K-Means,"['asking about weather information', 'variety of onion', 'information about plant protection in onion crop', 'plant protection in onion', 'onion ki patti pili ho rahi hai']"
Groundnut pea nutmung phalli,37658,11229,463,4,1,Leiden,"['farmer asked query on weather', 'information about fertilizer management in groundnut', 'insect control in groundnut', 'mausam ki jankari', 'information about weed control in groundnut crop']"
BhindiOkraLadysfinger,37335,16166,1616,656,10,K-Means,"['farmer ask weather information', 'bhindi me kida laga hai', 'variety of bhindi', 'about weather information', 'variety of okra']"
Pearl Millet BajraBulrush MilletSpiked Millet,35373,10882,459,4,1,Leiden,"['farmer asked query on weather', 'weed control in bajra', 'variety of bajra', 'mausam ki jankari', 'variety of pearl millet']"
Banana,29119,15402,1540,693,10,K-Means,"['farmer want information about weather', 'plant protection in banana', 'information about nutrient management in banana', 'insect problem in banana', 'cultivation in banana']"
Papaya,27132,11764,358,3,1,Leiden,"['variety of papaya', 'papaya ki var', 'plant protection in papaya', 'flower drop in papaya', 'information about fertilizer use in papaya']"
Bottle Gourd ,26468,14163,674,4,1,Leiden,"['insect problem in bottle gourd', 'plant protection in bottle gourd', 'lauki me kida laga hai', 'information about weather forecast of block insindhauli districtshahajahanpur', 'loki me kida laga hai']"
Cauliflower,26217,12280,514,3,1,Leiden,"['insect control in cauliflower', 'gobhi ki variety', 'farmer asked query on weather', 'nutrient management in cauliflower', 'cauliflower ki jankari']"
Indian rapeseed and mustard yellow sarson,25881,8018,441,2,1,Leiden,"['insect in mustard', 'sarso ki variety', 'information about weather forecast of block  in sikandrarao district hathras', 'information of seed registration', 'spray   monocrotophos  2 mllit  of water']"
Pigeon pea red gramarhartur,23067,11330,500,4,1,Leiden,"['arhar me kida laga hai', 'variety of arhar', 'insect problem in pigeon pea', 'information about weather forecast of block in districtjaunpur', 'pod borer in red gram']"
Cucumber,22642,11284,468,4,1,Leiden,"['plant protection in cucumber', 'insect in cucumber', 'kheera ki variety', 'information about weather forecast of block insindhuli districtsitapur', 'kheera me insect lage hai']"
Garlic,21545,9143,340,4,1,Leiden,"['plant protection in garlic', 'information about nutrient management in garlic crop', 'lahsun ki patti jhulas rahi hain', 'information about weather  forecast of blockghiror in district mainpuri', 'garlic ki patti pili ho rahi hai']"
Maize (Makka),20473,3012,115,3,1,Leiden,"['farmer asked query on weather', 'maize ki variety', 'insect in maize', 'makka bo sakte hai kya', 'information regarding to fertilizer in maize crop']"
Lentil Masur,20446,8915,365,4,1,Leiden,"['varieties information of lentil', 'farmer asked query on weather', 'mosam ke bare me jankari de', 'wilt problem in lentil', 'weed problem in lentil']"
Sesame GingellyTilSesamum,18011,7598,399,4,1,Leiden,"['farmer asked query on weather', 'information about sowing time of sesame', 'mausam ki jankari chahiye', 'sowing time of til', 'information about pm fasal bima yojana']"
Sugarcane (Noble Cane),17643,3486,154,4,1,Leiden,"['farmer asked query on weather', 'information about fertilizer management in the sugarcane crop', 'information about the protection measure of pyrilla in sugarcane', 'information about to control of  shoot borer in sugarcane crop', 'information about weed control in sugarcane crop']"
Guava,17214,8910,358,3,1,Leiden,"['fruit borer in guava', 'insect in guava', 'amrud me kiday lag gayay hai', 'information about fertilizer use in guava', 'information about weather forecast of blocksasni in districthathras']"
Bitter Gourd,16866,8439,493,2,1,Leiden,"['insect in bitter gourd', 'insect control in karela', 'information about in weather forecast of block in harraiya district basti', 'leaf curl in bitter gourd', 'information about sowing time of vegetable crop']"
Peas field peas garden peasmatar,14999,6257,324,5,1,Leiden,"['vari of pea', 'pea ka sowing time kya hai', 'insect in pea', 'information about weather', 'information about weather forecast of block gohand in district hamirpur']"
Pigeon pea (red gram/arhar/tur),14960,2365,85,3,1,Leiden,"['insect in arhar', 'arhar variety', 'arhar me kiday lag gayay hai', 'information about variety of pigeon pea crops', 'weed controle of arhar']"
Green Gram (Moong Bean/ Moong),13892,2363,84,4,1,Leiden,"['farmer asked query on weather', 'insect in moong', 'var of moong', 'moong ki variety', 'information about of variety of green gram crop']"
Coriander,13538,6926,272,5,1,Leiden,"['sowing time of coriander', 'dhaniya ki variety', 'plant protection in coriander', 'information about weather forecast of block inmalasa districtkanpur dehat', 'information regarding weed control in coriander crop']"
Bhindi(Okra/Ladysfinger),13526,2763,82,3,1,Leiden,"['insect in okra', 'bhindi ki variety', 'information about the variety of okra crops', 'farmer asked query on weather', 'information regarding the development and growth of ladyfinger crop']"
Lemon,13053,6310,280,3,1,Leiden,"['flower drop in lemon', 'nibu mein fruit droping', 'insect in lemon', 'information about fertilizer use in lemon plant', 'information about gummosis problem in lemon plants']"
Pumpkin,12338,6759,335,3,1,Leiden,"['insect control in pumpkin', 'plant protection in pumpkin', 'kaddu me insect lage hai', 'information about weather forecast of blockkurebhar distsultanpur', 'disconnected call']"
Citrus,12251,6774,347,2,1,Leiden,"['flower dropping in citrus', 'neebu ka ful jhar jata hai', 'give information about nutrient management in citrus', 'tell me about weather information', 'information about the problem of gummosis in citrus']"
Bengal Gram (Gram/Chick Pea/Kabuli/Chana),12009,2308,97,4,1,Leiden,"['insect control of gram', 'gram me insect lage hai', 'wilt in gram crop', 'weed control in gram', 'farmer asked query on weather']"
Radish,11626,5484,308,4,1,Leiden,"['insect control in radish', 'variety of radish', 'radish ki var', 'information about weather forecast of block and district mainpuri', 'information about fertilizer use in radish crop']"
Pointed Gourd,10936,6962,398,2,1,Leiden,"['plant protection in pointed gourd', 'parval me galan hai', 'information about weather forecast of blocksadabad in districthathras', 'disases in palwal', 'provide information on whatsapp number of agriculture department']"
Tobacco,10573,2951,163,2,1,Leiden,"['farmer asked query on weather', 'plant protection in tobacco', 'mausam ki jankari chahiye', 'give information contact number of kvk etah for tobacco crop', 'asked about wheather information']"
Pomegranate,10459,5228,176,2,1,Leiden,"['insect in pomegranate', 'anar ka ful jhar jata hai', 'information about nutrient management in pomegranate', 'tell me  about weather information', '2309234423662352 23252375 234723702354 231023442375 23252375 234823662342 232723672352 2332236623402375 23612376']"
Marigold,10265,6247,361,4,1,Leiden,"['variety of marigold', 'genda ki variety', 'plant protection in marigold', 'give information about of  nutrient management in marigold  crop', 'information about weather forecast in block chunar of district mirzapur']"
Jack Fruit,10218,6134,191,3,1,Leiden,"['plant protection in jack fruit', 'kathal me phal gir raha hai', 'information about control of rhizopus rot in jack fruit', 'jack fruit ka phal gir ja raha hai', 'information about fertilizer use in jack fruit']"
Watermelon,9918,5762,286,3,1,Leiden,"['insect control in watermelon', 'lahi me mahu laga hain', 'watermelon me phal kam a rahe hai', 'please tell me about weather information', 'information about weather forecast of block in districtmainpuri']"
Aonla,9436,5027,296,2,1,Leiden,"['insect control in aonla', 'aonla mein fruit droping', 'information about fertilizer use in aonla', 'information about amla plants not bearing fruits', 'information about weather']"
Soybean bhat,7924,3040,183,4,1,Leiden,"['information about to weather forecast of blockand districtlalitpur', 'sowing time of soyabean', 'soybean ka sowing time ki lankari', 'information about control of insect in soybean crop', 'information about weed control in soybean crop']"
Colocasia Arvi Arbi,7919,4967,348,3,1,Leiden,"['arvi me kida laga hai', 'insect problem in arvi', 'insect problem in colocasia', 'information about in weather forecast of block in kundari district moradabad', 'fungas in chillies']"
Eculeptous,7846,5579,441,4,1,Leiden,"['eculeptous ki ropai kab kare', 'insect control in eculeptous', 'information eucalyptus', 'termite control in eculeptous plant', 'weed  control of eculeptous']"
Mushroom,7712,3293,212,3,1,Leiden,"['information about mushroom cultivation', 'mashroom ki kheti karni hai', 'mushroom ki kheti ki jankari', 'information about contact number of kvk shahjahanpur', 'asking about weather info']"
Bail,7358,4293,233,2,1,Leiden,"['fruit drop in bail', 'bail me phal gir raha hai', 'information about nutrient management in the bail plant', 'information about weather', 'blast problem in bail']"
Raya Indian Mustard,7076,3708,252,3,1,Leiden,"['information about nutrient management in mustard crop', 'lahi ke varieties', 'farmer asked query on weather', 'veriety for musterd', '23602352236023792306 23252368 23252367236023812350 23482340236623232416']"
Sorghum JowarGreat Millet,6902,3598,244,4,1,Leiden,"['information about weather forecast of block inbhognipur districtkanpur dehat', 'information about insect control in sorghum crop', 'plant protection in jowar', 'jowar me sudi sukh rahi hai', 'information about the control of stem borer in sorghum crop']"
Capsicum,6821,4017,315,3,1,Leiden,"['plant protection of chilli', 'mirch main leaf currling hai', 'information about weather', 'leaf curl in capsicum', 'information about weather forecast of block fatehganj west in district bareilly']"
Barley Jau,6683,3882,448,5,1,Leiden,"['mausam ki jankari', 'manure in wheat', 'information about weed control in barley crop', 'asking about weather info', 'information about weather forecast of block in district mainpur']"
Cotton Kapas,6677,3733,245,4,1,Leiden,"['plant protection in cotton', 'sowing time of cotton', 'mausam ki jankari', 'give information about weather forecast of block chhta in district mathura', 'information of seed registration']"
Poplar,6666,4510,339,3,1,Leiden,"['popular me deemak lagi hai kya kare', 'insect in popular', 'information about fertilizer use in poplar plant', 'termite control in poplar plant', 'weather information']"
Rose,6631,4337,310,3,1,Leiden,"['insect in rose', 'gulab ki cutting kab kare', 'information about fertilizer use in rose', 'tell me about weather information', 'termite control in rose plant']"
Barseem,6337,3596,201,4,1,Leiden,"['sowing time of barseem', 'barseem ki buvai kab kare', 'insect problem in barseem', 'information about weather forecast of blockasafpur in districtbadaun', 'information about weed control in barseem crop']"
Mint,6221,3266,262,2,1,Leiden,"['insect control in mint', 'insect control in mentha', 'information about to weather forecast of blockmahewaand districtjalaun', '23502375230623412366 23502375 2326235223462340235723662352 236123762404', 'provide information related to contact number of central medicinal and intensive plant institute cimap lucknow']"
Cabbage,5740,3502,316,4,1,Leiden,"['var of cabbage', 'mausam ki jankari', 'insect problem in cabbage', 'information about weather', 'information about to weather forecast of blockasafpurand districtbadaun']"
Toria,5728,2561,172,4,1,Leiden,"['variety of toria', 'information about sowing time of toria crop', 'information about weather forecast of blockbilsi in districtbadaun', 'information about of toria sowing time', 'informetion about verieties of mustard crop']"
Bottle Gourd,5438,729,17,2,1,Leiden,"['bottle gourd', 'lauki ka phal sukh ja raha hai', 'diseas control of lauki', 'lauki ka seed rate', 'catterpiller in bottle gourd']"
Musk Melon,5431,3462,156,3,1,Leiden,"['insect control in muskmelon', 'kharbooja mai kida laga hai', 'information about weather forecast of  block ranipur    in district  jhansi', 'information about fertilizer use in musk melon', 'insect control in kharbooja']"
Triticale,5253,2450,386,4,1,Leiden,"['mausam ki jankari', 'give weather information', 'weed problem in wheat', 'information about weather forecast of block ujhani in district badaun', 'information about pradhan mantri kisan samman nidhi yojana']"
Dhaincha,4984,2923,188,4,1,Leiden,"['sowing time of dhaincha', 'seed rate of dhaincha', 'dhaincha ki jankari', 'give information about weather forecast of blockpahasu in districtbulandshahr', '23382366231223302366 2348237923442375 23252366 2335236623112350 2325238123512366 23612376']"
Lentil (Masur),4744,1085,55,3,1,Leiden,"['lentil cultivation', 'masur me ukhta laga hai', 'masur mama weed ka control batayen', 'farmer asked query on weather', 'masur ki varity']"
fodder sorghum,4729,2803,177,4,1,Leiden,"['information about varieties of fodder sorghum', 'stem borer in sorghum', 'information about weather forecast of blockmau aima in districtallahabad', 'chari ki parajati kaun silagaye', 'seedrate of bajara']"
Brown Sarson,4700,2497,220,5,1,Leiden,"['sarso me mahu laga hai', 'about mustard crop', 'information about varieties of sarso crop', 'information about weather forecast of block inmahewa districtjalaun', 'information about weather']"
Sponge Gourd,4691,2755,254,4,1,Leiden,"['insect in sponge gourd', 'torai me insect lage hai', 'informetion about insect control of spong gourd', 'about weather information', 'sponge gourd ki fal  gir rha hai']"
Goat,4686,2494,127,3,1,Leiden,"['information about goat farming', 'bakri palan karna hai', 'goat palan ki jankari de', 'provide information related to animal husbandry', 'information of weather']"
Turmeric,4475,2390,187,2,1,Leiden,"['sowing time of turmeric', 'haldi ka sowing time', 'asking about weather information', 'information about cimap lucknow contact number', 'information of toll free number of horticulture department']"
Carrot,4322,2382,213,5,1,Leiden,"['var of carrot', 'gajar ki kism', 'information about sowing time for carrot', 'information about fertilizer use in carrot', 'tell me about weather information']"
Black Gram (urd bean),4321,1236,82,3,1,Leiden,"['farmer asked query on weather', 'information about sowing time of black gram', 'information about control of insect in black gram crop', 'urd ki babai kar sakte hai', 'information about how to use nano dap in black gram']"
Pearl Millet (Bajra/Bulrush Millet/Spiked Millet),4222,904,68,3,1,Leiden,"['farmer asked query on weather', 'bajra ki variety kya hai', 'information about weed control in bajra millets crop', 'bajra in grass hopper control', 'asked about to pm kisan samman nidhi  yojana']"
Oats ,4198,2179,381,9,1,Leiden,"['mausam ki jankari', 'information about weather forecast of block inmadnapur districtshahjahanpur', 'information about in paddy crop', 'give information about sowing time of oats crop', 'fungas in mango']"
Ash Gourd Petha,3911,2568,280,4,1,Leiden,"['plant protection in ash gourd', 'mausam ki jankari', 'information regarding the variety of petha crop', 'give the information about weather forecast', 'fungas in chilli']"
Ginger,3890,2339,180,2,1,Leiden,"['sowing time of ginger', 'ginger ka sowing time kya hai', 'information about weather', 'information about nutrient management in garlic crop', 'information about  gingar crop']"
Fresh Water,3853,1743,141,2,1,Leiden,"['information about fisheries', 'machhali palan ki jankari de', 'fish palan ki jankari', 'asking about weather information', 'fisheris information']"
Beekeeping,3690,1817,219,4,1,Leiden,"['provide information regarding beekeeping', 'madhumakhi palan ki jankari chahiy', 'beekeeping ki training karna hai jankari de', 'tell me about weather information', 'information about prime minister kisan samman nidhi yojana']"
POULTRY  FARM ,3678,1752,157,3,1,Leiden,"['poultry farm information', 'murgi palan ki jankari de', 'poultry farm ki jankari de', 'give information related to animal husbandry', 'informetion about poulty farm']"
Aloe Vera,3613,1985,151,3,1,Leiden,"['sowing time of aloe vera', 'aloe vera ki jankari', 'tell me cimap  contact number', 'information about cultivation of medicinal plant', 'asking about weather information']"
Sagoan,3356,2619,245,3,1,Leiden,"['control of deemak', 'insect in sagoan', 'termite control in sagoan plant', 'information related to planting teak plants', 'tell me about weather information']"
Groundnut (pea nut/mung phalli),3333,579,47,3,1,Leiden,"['farmer asked query on weather', 'give information about sowing time of groundnut crop', 'information about to insect  and disease control of groundnut crops', 'provide information regarding weed control in groundnut crop', 'farmer asked query on mandi details']"
Sunflower suryamukhi,3288,1949,163,3,1,Leiden,"['sowing time of sunflower', 'surajmukhi ki var', 'sunflower ki kism kon si hai', 'to know about weather information', 'varieties']"
Bovine(Cow/Buffalo),3284,1571,79,2,1,Leiden,"['poor milk of buffalo', 'bhains ki jer nahi nikal rahi hai', 'bhains ki pregnancy test karna hai', 'chane ki faliya safed pad gai he', 'nomino gold ke prayog  karne ke bad baris ho gai']"
Ribbed Gourd Kali Tori,3120,2232,171,3,1,Leiden,"['plant protection in ribbed gourd', 'tori ki kheti karni he', 'information about control of insect in tori crops', 'information about weather forecast of blocksikandra in district kanpur dehat', 'leaves are yellow and red in the luffa crop']"
Ridge Gourd,3090,2042,182,3,1,Leiden,"['plant protection in ridge gourd', 'torai ki pattya pilikali padakar shukh ja rahi hai', 'about information of weather in block rajpur district kanpur dehat', 'information about pest control in taroi crop', 'tell me nutrient management']"
Tulsi,2757,1898,170,4,1,Leiden,"['sowing time of tulsi', 'tulsi ki kheti', 'information about contact number of cimap lucknow', 'asking about medicinal plants information', 'information about weather forecast of blocksarilaand districthamirpur']"
Beans ,2664,1928,270,5,1,Leiden,"['insect problem in beans', 'mausam ki jankari', 'information about beans crops', 'about weather information', 'information about control of the flower dropping in beans crop']"
Satawar,2473,1641,153,4,1,Leiden,"['sowing time of satawar', 'satwar kab lagayain', 'give information related to cultivation of medicinal plants', 'tell me about contact number of cimap', 'provide about information of weather forecast in district  rampur block  suar']"
Pea (Vegetable),2451,542,32,3,1,Leiden,"['farmer asked query on weather', 'information regarding growth and development of pea crop', 'information about pest control in pea crop', 'matar ki fasal me faliyon me sadan ko rokne ke lie kya kare', 'information about control of termites in pes crop']"
Amarphophallus SurankandElephant Foot Yam,2436,1400,264,9,1,Leiden,"['arvi ki patti pili hoi rahi hai', 'give information about sowing time of arvi crops', 'insect controle in arvi', 'information about sowing time and production of elephant foot yam', 'manure and fertilizer']"
Litchi,2384,1817,123,3,1,Leiden,"['plant protection in litchi', 'litchi ka phal phat raha hai', 'information about fertilizer use in litchi plant', 'information about weather', 'give information about of horticulture department']"
Cowpea Vegetable,2367,1713,188,2,1,Leiden,"['plant protection in cowpea', 'mausam ki jankari', 'information about weather forecast of blockmachchali shar distjaunpur', 'fungas in tomato', 'manure in potato']"
Spinach Palak,2366,1585,121,4,1,Leiden,"['information about sowing time of spinach', 'give information about weed control of spinach palak crop', 'palak ki patti me kida lga hai', 'information about weather', 'information about weather  forecast of block devali in district ghazipur']"
Acid Lime,2213,1545,195,3,1,Leiden,"['information about acid lime', 'nibu me phal kam aa rahe hai', 'give me about weather information', 'insect in neebu', 'amla me']"
Neem,1994,1583,234,6,1,Leiden,"['information about neem plant', 'mentha me keet pati kha raha hai', 'medicinal plant ka cultivation ki jankari', 'mentha oil ka rate', 'termite control in neem plant']"
FingerMillet  RagiMandika,1893,894,234,16,1,Leiden,"['barley ki pati pili ho rahi hai', 'about weather information', 'information about cultivation of finger millet ragi crop', 'mausam ki jankari ke liye', 'control of yellow leaf in barley']"
Buck Wheat Kaspat,1851,572,230,28,1,Leiden,"['mausam ki jankari chahiye', 'tell me about weather information', 'manure', 'fungas in gorlik', 'insect in vegetable crop']"
Faba Bean Horse Beanwindsor Bean,1818,536,232,16,1,Leiden,"['weather information', 'ganee me suri ki samaya hai', 'mosam ki jankari m', 'information of seed registration', 'information of papaya seed']"
Safed Musli,1785,1196,138,4,1,Leiden,"['safed musali ka sowing time', 'safed musli cultivation', 'give information about medicinal plants', 'give information about contact number of cimap lucknow', 'tell me about weather information']"
Other,1638,1282,318,73,1,Leiden,"['jwar ki chari me keeda laga hai', 'give me information about sowing time of fodder crops', 'information about weather forecast of block in district', 'fisheries related information', 'give information about azolla cultivation']"
Common Millet PanivaraguChenaProso MilletHogm,1635,528,246,39,1,Leiden,"['tell me about weather information', 'mausam ki jankari chahiy', 'dhan pila ho rha hai', 'tell me varity of wheat', 'manure in musterd']"
Sorghum (Jowar/Great Millet),1631,569,49,3,1,Leiden,"['farmer asked query on weather', 'give information about weed control of sorghum crop', 'jowar me khatra  hai', 'seed rate of jowar', 'information for diagnosis of yellowing in sorghum crop']"
Fenugreek,1542,1056,113,3,1,Leiden,"['information on fenugreek planting', 'pest control in fenugreek crop', 'methi ki bovai krni hai', 'asking about weather information', 'information about weather forecast of block in district']"
Linseed alsi,1537,1054,188,11,1,Leiden,"['information about sowing time of linseed crop', 'sarson ki phasal me mahu lga hai', 'information about in mustard crop', 'tell me about weather information', 'information about weather forecast of block  in district   shahjahanpur']"
Sweet Potato,1525,1142,111,4,1,Leiden,"['information of sweet potato crop', 'control of insect in the sweet potato crop', 'sakarkandi me keeda laga hai', 'information about weather forecast of block vijapur district fatehpur', 'problem in tomato']"
lobia ,1500,1026,95,3,1,Leiden,"['plant protection in lobia', 'lobia ki pattiyan pili ho rahi hai', 'information about cowpea cultivation', 'asking about weather information', 'information about weather forecast of block shahjahanpur in district shahjahanpur']"
Saffron,1486,759,117,3,1,Leiden,"['haldi me kharpatvar hai', 'turmeric cultivation', 'information about saffron cultivation', 'information about cimap lucknow contact number', 'leaf yellowing in turmeric']"
BAJRA NAPIER HYBRID,1436,903,90,3,1,Leiden,"['bajra ki variety', 'give me about weather information', 'bajra  ki gobh me keet lage hai', 'information about weather forecast of block madanpur in district firozabad', 'leaf blight of bajra']"
French Bean,1436,1080,165,3,1,Leiden,"['information related to french bean crop', 'bean ki pattiya pili ho rahi hai', 'asking about weather information', 'information about weather forecast of block in district', 'lobiya me keet control']"
Grape,1433,1251,139,5,1,Leiden,"['plant protection in grape', 'angoor ke phal gir rahe hai', 'grape me phal nahi ho rahi hai', 'asked about weather information', 'information about of insect control in guava fruit']"
Pig,1419,946,75,2,1,Leiden,"['piggery ki jankari', 'information about pig farming piggery', 'ask about animal husbandry information', 'about weather information of suar in rampur district', 'information about poultry farm']"
Guar,1419,1074,145,3,1,Leiden,"['guar ki kheti karni he', 'variety of guar crop', 'farmer asked query on weather', 'information about weather forecast of block karhal in district mainpuri', 'weed cantrol in gour']"
Melon,1375,1016,103,4,1,Leiden,"['insect problem in melon', 'tarbuj me phal kala ho raha hai', 'asking about weather information', 'pest control in mango plants', 'information about the flower and fruit dropping problem in the  lemon plant']"
African Sarson,1351,793,103,4,1,Leiden,"['var of barseam', 'barseam ka seed rate', 'barseam ka sowing time', 'farmer asked query on weather', 'variety of berseem']"
Marine,1315,764,91,2,1,Leiden,"['information about of fisheries in fish', 'machali palan karna hai jankari de', 'information about weather', 'information of fisheris', 'information about pearl farming']"
Oil palm,1315,584,113,4,1,Leiden,"['til ki phali me keeda laga hai upay bataye', 'seedrate of sesamum', 'til ki varity', 'til in weed control', 'information about palm oil cultivation']"
Beet Root Garden BeetStock Beet,1293,953,178,8,1,Leiden,"['information about beet root  crop', 'chukandar ki bubai kab ki jati hai', 'information about weather forecast of blockghiror distmainpuri', 'fungas', 'manure in paddy']"
Ber,1240,908,164,6,1,Leiden,"['information about pest management in ber plants', 'ber ke phal jhad rahe hai', 'insect in cucumber', 'wrong number', 'information of plum species']"
Gladiolus,1199,889,184,17,1,Leiden,"['gladiolus plant information', 'gladiolus kab laga sakate hai', 'asked about weather information', 'information on flowers cultivation', 'information about weather forecast of block meerut in district   meerut']"
Sugar Beet,1195,827,150,6,1,Leiden,"['sugarcen me pakhi lagi hai', 'asking about sugarcane crop', 'weather information', 'information about weather forecast of block  khatauli in district   muzaffarnagar', 'information of seed registration']"
Jamun,1194,961,107,2,1,Leiden,"['plant protection in jamun', 'jamun ke phal gir rahe hai', 'asking about weather information', 'information related to fertilizer in blackberry plant', 'information about in nutrient management in zamun']"
OPIUM POPY,1155,661,82,2,1,Leiden,"['information about cultivation of opium popy crop', 'information about weather forecast of block samrer in district badaun', 'afeem ki kheti ki jankari chahiy', 'information about nutrient management in afeem', 'informetion about cimap lucknow contact number']"
Barnyard Millet KundiraivlliSawan,1130,546,195,39,1,Leiden,"['mausam ki jankari chahaiye', 'manure', 'asking about weather information', 'dhaan  me  kire  laga  hai', 'varity of wheat']"
Khesari chickling vetch grass pea,973,519,124,10,1,Leiden,"['variety of pea crop', 'information about weather forecast of block ranipur in district jhansi', 'tell me about weather information', 'mausam ki jankari  ke liye', 'chana pila ho rha hai']"
fodder maize ,962,763,123,5,1,Leiden,"['information about maize fodder crop', 'chari ki phasal me saphed kida laga hai', 'weather information', 'information about weather forecast of blocksadabad in district hathras', 'makke ka seed rate']"
Rajma french bean,960,673,97,4,1,Leiden,"['information about rajma crop', 'rajma ki bubai kab ki jati hai', 'information about sowing time of french bean crops', 'information about weather', 'pusa ka help line no']"
Castor Rehri Rendi Arandi ,953,445,159,30,1,Leiden,"['tell me about weather information', 'information regarding to varieties of castor crop', 'mausam ki jankari', 'arandi ki thi krni hai', 'information of seed registration']"
Sandal Wood,929,681,106,5,1,Leiden,"['information about sandalwood cultivation', 'chandan ki kheti ki jankari de', 'informetion about cimap lucknow contact number', 'information about cultivation of chandan tree', 'central institute of medicinal and aromatic plants']"
POULTRY  FARM,926,419,11,2,1,Leiden,"['murgi palan karna hai', 'poultry farm ki jankari krne ke liye', 'poultry me disease lagi hai', 'where from get loan  project on poultry', 'can we apply glucose in drinking water of chicken']"
Mosambi,912,760,111,4,1,Leiden,"['information about control of fruit and flower drop in mosambi', 'mosambi ka phal gir raha hai', 'farmer is asking about weather information', 'information about of cultivation in musammi crop', 'gross in wheat']"
Sesame (Gingelly/Til)/Sesamum,888,262,32,2,1,Leiden,"['provide information about sowing time of sesame crop', 'farmer asked query on weather', 'til ki mukhy kisme kaun kaun si hai', 'information about till variety', 'information about crop insurance claim related query']"
Teak,881,739,141,17,1,Leiden,"['teak plant information', 'sagaun ki pattiya kde kha rahe hai', 'termite control in teak plant', 'asking about weather information', 'information about chandan plants']"
Curry Leaf,873,724,204,74,1,Leiden,"['kaddo ke pattiyo me kali pad rahi hai phal gir rhe hai', 'mausam ki jankari ke liye', 'insect control of cucurbits', 'insect control in kheera', 'kheera ki varity']"
Orange,847,745,115,6,1,Leiden,"['information about fruit dropping control of orange', 'santara ka phul gir raha hai', 'information about plant protection in kinnu plant', 'tell me about weather information', 'information about varieties of papaya']"
Cluster Bean,839,677,157,32,1,Leiden,"['provide information regarding the sowing of cluster bean crop', 'guar  me khar patvar hai', 'information regarding guar crop variety', 'asking about weather information', 'varity of wheat']"
Peach,820,699,80,2,1,Leiden,"['information about the plant protection  in peach', 'peach ka fal gir raha hai', 'termite control in peach fruit', 'horticulture department information', 'information about weather forecast of block kalyanpur in district kanpur nagar']"
Horse Gram kulthikultha,811,389,166,45,1,Leiden,"['tell me about weather information', 'chane me ki kidelag rahe hai', 'mausam ki jankari chahiye', 'information about horse gram crop', 'information of seed registration']"
ARUM ,810,455,159,39,1,Leiden,"['weather information', 'mausam ki jankari', 'arvi ki tatti pili ho rhi hai', 'information about arum arvi  crops cultivation', 'fungas in']"
Broccoli,805,593,181,61,1,Leiden,"['information about cultivation about broccoli', 'broccoli ki kheti karana chahate hai', 'weather information', 'manure in paddy', 'insect problem']"
"Bovine(Cow,Buffalo)",800,370,72,3,1,Leiden,"['information about disease management of cow', 'information about contact number of animal husbandry', 'information related to nandini krishak samridhi yojana', 'pashu sambandhit jankari ke lie kahan sampark kare', 'information regarding uttar pradesh kamdhenu yojana']"
Fennel,775,539,107,6,1,Leiden,"['information about fennel crops', 'sauf ki kheti ke vishay me jankari chahiye', 'asking about weather information', 'information about weather forecast of block husainganj in district fatehpur', 'saunf ki variety']"
Stevia,740,596,131,20,1,Leiden,"['information about of stevia cultivation', 'stevia ki kheti ki jankari', 'give information about medicinal plants', 'information about contact number of cimap lucknow', 'information about saffron cultivation']"
Cold Water,738,444,74,3,1,Leiden,"['information about fisheries fish farmig', 'machhali palan ke liye jankari den', 'weather information', 'fungas in potato', 'fishes are dying in pond']"
Sudan Grass,733,548,79,5,1,Leiden,"['informtion about sudan grass', 'sudan chari me keeda laga hai', 'tell me about weather information', 'information about sorghum seed rate for fodder', 'chari ki variety']"
AmaranthusGrain Amaranthus,732,506,165,56,1,Leiden,"['khira me galn laga hai', 'information of amaranthus crop', 'mausam ki jankarii', 'mosam ke bare batye', 'tell me about weather information']"
Napier Grass,722,579,111,11,1,Leiden,"['provide about information of napier grass', 'napier grass ki jankari de', 'hare chare me mp chari ki buaai kar sakte hai', 'information about fodder crop', 'asking about weather information']"
Soybean (bhat),707,134,14,2,1,Leiden,"['farmer asked query on weather', 'information about cultivation of the soybean crop', 'information about the problem of yellowing in soyabean crop', 'soya been me liquid dawa khad me mila kr kr boye ya spray kre', 'mandi rate of soybean in lalitpur mandi']"
Strawberry,702,545,79,4,1,Leiden,"['information about the cultivation of strawberry', 'strawberry ki kheti ki jankari de', 'please tell me about weather information', 'information about straberry cultivation', 'information about central institute of medicinal and aromatic plants lucknow help line numbers']"
Broad Bean,689,542,200,97,1,Leiden,"['pest management in broad bean', 'keli ki nichali patti pili ho rahi hai', 'mausam ki jankari de', 'asking about weather information', 'manure']"
Sapota,683,559,61,2,1,Leiden,"['information about flower and fruits drop control in sapota', 'chiku ke paudhe me phal phool nahi aa raha hai kya lagaye', 'weather information', 'farmer asked query on weather', 'pomegranate flowers are falling']"
Hibiscus Gurhal,656,568,67,3,1,Leiden,"['information on insect control in hibiscus plant', 'gurhal me kida laga hai', 'insect control in gurhal plant', 'asking about weather information', 'provide about information of termite problem in hibiscus  gulhal  flower plant']"
Little Millet SamaiKutkikodo-kutki,639,359,107,18,1,Leiden,"['tell me about weather information', 'mausam ki jankari ke liye', 'information about sowing time of kharif maize crop', 'information about weed control in maize crop', 'information about weather forecast of block amanpur in district kanshiram nagar']"
Lab Lab,618,506,91,8,1,Leiden,"['information about control of insect in lab lab crop', 'provide information for varieties in lab lab crop', 'sem ki fasal me bhung laga hai', 'asking about weather information', 'sem ki kheti ke bare me jankari chahiye']"
Chapan Kaddu,602,486,116,26,1,Leiden,"['kaddu kala ho raha hai', 'information about insect control in chapan kaddu', 'mausam ki jankari chahiy', 'information about leaf curl disease  control in chillies crop', 'give me about weather information']"
Peas (field peas/ garden peas/matar),593,196,39,3,1,Leiden,"['farmer asked query on weather', 'information about control of pea crop', 'information regarding the market of pea', 'aam ke fal matar ke jaise hokar gir rahe hain', 'farmer asked query on mandi details']"
Dog,591,468,76,4,1,Leiden,"['information  about  of animal dog', 'kutta ka kan bah raha hai', 'information about goat farming', 'asking about weather information', 'cow ka bara me']"
Duck,581,405,73,4,1,Leiden,"['murgi palan ki jankari bataye', 'poultry farmeing information', 'information on duck', 'weather information', 'information about avian help line no']"
Cumin,579,418,84,6,1,Leiden,"['information about the timing of cumin cultivation', 'jeera ki kheti ke bare me jankari chahiye', 'asking about weather info', 'zira ka seed rate kya hai', 'variety of kalonji']"
Italian Millet ThenaiNavaneFoxtail MilletKang,564,224,126,42,1,Leiden,"['tell me about weather information', 'mausam ki jankari chahiy', 'dhan me futa nahi hai', 'plant protection', 'manure in pea']"
White Yam,549,455,99,17,1,Leiden,"['give information about of sowing time yam crop', 'suran ki kheti ka samay', 'information about jimikand', 'farmer asked query on weather', 'information about weather forecast of blockmursan   in districthathras']"
Karan Rai,531,346,113,34,1,Leiden,"['rai ki prajati ki jankari', 'information about weather', 'variety of rai', 'information about in mustard crop', 'information about weather forecast of block shivrajpur in district kanpur city']"
Butter Pea Vegetable,530,399,152,73,1,Leiden,"['matar ki khetiki jankari leni hai', 'information about of pea crop', 'information about weather forecast of block ranipur  in district jhansi', 'manure', 'about weather information']"
Chestnut,502,448,121,46,1,Leiden,"['information for pest control in water chestnut crop', 'neebu ke phal gir ja rahe hai', 'flower droping in fruits', 'farmer asked query on weather', 'about weather information']"
Garden Pea,502,392,87,14,1,Leiden,"['information about in pea crop', 'matar ki pattiyan pili ho rhi hai', 'weather information', 'information  about weather forecast of blocktori fatehpur in district jhansi', 'mausam ki jankari chahiy']"
Koronda,494,323,83,15,1,Leiden,"['kaddu ka phal sad raha hai', 'insect controle in kaddu', 'variety of kaddu', 'gehu ki jankari chahiy', 'disases in kaddu']"
Kodo Millet KodaraVaragu,483,233,111,39,1,Leiden,"['tell me about weather information', 'mausam ki jankari chahiy', 'information about sowing time of kodo crops', 'apki abaj nahi aa rahi hai', 'plant protection']"
Snake Gourd,474,400,116,45,1,Leiden,"['information about insect control in snake gourd', 'seme ki patti pili ho rahi hai', 'toraiya ki jankari chahiy', 'information about weather', 'snake gourd me keeda lagt raha hai']"
Indian Clover Senji Sweet Clover,465,396,141,72,1,Leiden,"['kahu ki kheti ki jankari', 'information about weed control in mentha crop', 'information about medicinal plant', 'cimap contact number', 'asking about weather information']"
Methi Fenugreek,463,394,49,4,1,Leiden,"['information about methi crops', 'about cultivation of fenugreek', 'methi ki kheti ki jankari den', 'tell me about weather information', 'information about weather forecast of block majhgawan in district bareilly']"
Long Melon,455,397,77,12,1,Leiden,"['information about  insect  control in long melon', 'kharbuj me kida laga hai', 'asking about weather information', 'information about insect problem in cucurbits crop', 'kurbhujha ki growth ka liye']"
Safflower kusumkardi,452,364,92,25,1,Leiden,"['sunflower information', 'information about safflower crop duration and yield', 'suraj mukhi ki jankari de', 'asking about weather information', 'sunflawar me khad ki matra']"
"Colocasia (Arvi, Arbi)",443,276,39,3,1,Leiden,"['information about colocasia crop', 'information about arvi crop', 'farmer asked query on weather', 'information regarding seed treatment of arbi', 'information about sowing time of arabi']"
Tapioca Cassava,433,251,73,15,1,Leiden,"['tell me about weather information', 'ganne ka sika shukh raha hai', 'information about weed control in sugarcane', 'mausam ke bare me janna  hai', 'mausam ki jankari chahiye']"
Jojoba,427,152,88,24,1,Leiden,"['asking about weather information', 'mausam ki jankari chahiy', 'ganee me suri ki samasya hai', 'information of seed registration', 'information of crop insurance']"
Apple,425,367,100,37,1,Leiden,"['information about in cultivated apple', 'anar ke phal jhad jate hai', 'information about weather', 'tell me mandi rate of apple', 'farmer asked query on weather']"
Cardamom,420,353,92,29,1,Leiden,"['information about flower dropping control of cardamom', 'dhaniya ki kheti kar sakte hai', 'about weather information', 'information regarding sowing of coriander', 'elachi k pedh s fulo koa girna']"
Lethyrus,418,290,91,29,1,Leiden,"['ganee me suri ki samasya hai', 'dhan ki prajati ki jankari', 'tell me about weather information', 'information about seed rate of pea', 'information about irrigation in pea']"
Brackish,412,231,35,2,1,Leiden,"['give information about fisheries', 'machhali palan ki jankari de', 'weather information', 'insect', 'talab me jal kumbhi ho gai hai kya kare']"
Brussils Sprouts,397,206,127,68,1,Leiden,"['mausam ki jankari chahiy', 'brokali ki variety', 'dhan me kida laga hai', 'tell me about weather information', 'fungas in potato']"
Almond,387,302,101,43,1,Leiden,"['information about control of the flower dropping in almond tree', 'anar ke phal me kida lag jata hai', 'about weather information', 'kisan bhai ko   mausam ki jankari chahiye', 'information about weather forecast of block in jahangir ganj  district amedkar nagar']"
Babool,384,332,116,59,1,Leiden,"['babool ka ped sukh raha hai', 'information about bamboo cultivation', 'asking about weather information', 'information about insect control in babool tree', 'mausham ke bare me']"
Niger Ramtil,379,264,109,53,1,Leiden,"['til ki fasal me kharpatavar hai', 'mausam ki jankari de', 'tell me about weather information', 'toriya ka sowing time', 'information about weed control in niger crop']"
Flying Duck,375,271,53,7,1,Leiden,"['murgi palan ki jankari', 'information related to poultry farming', 'information about duck', 'farmer want contact number of avian research centre', 'animal husbandry department']"
Baby Corn,366,206,136,82,1,Leiden,"['weather information', 'mausam  ki jankari ke liye', 'fungas in', 'bhindi me  keeda laga hai', 'manure in paddy']"
Chrysanthemum,361,225,107,53,1,Leiden,"['weather information', 'information about chrysanthemum', 'guldawadi me phool kam aa rahe hai', 'mausam ke bare me janna  hai', 'information of seed registration']"
Buffel Grass Anjan Grass,358,250,79,26,1,Leiden,"['provide information related to animal husbandry', 'pashu palan sambandhit jankari lena hai', 'information about dairy production', 'tell me weather information', 'tell me about subsidy on dairy milch  animals  by nabard bank']"
Kundru,350,300,53,4,1,Leiden,"['information about kundru crop', 'kundru ki patti sookh rahi hai lkya kare', 'asking about weather information', 'information about weather forecast of block mihinpurwa in district bahraich', 'information about top dressing in kohda crop']"
Olive,346,100,62,13,1,Leiden,"['information about weather', 'dhan ki prajati ki jankari', 'insect', 'mausam ke bare me janna  hai', 'tell me about taking soil sample']"
Coconut,346,310,61,10,1,Leiden,"['plant proection in coconut', 'nariyal ka phal gir rahah hain', 'asking about weather information', 'narial me urverko ki matra', 'nutrient management']"
Dolichos Bean,332,310,96,47,1,Leiden,"['information about insect control in dolichos bean', 'sem me kida laga hai phoolo ka ras kha ja raha hai', 'mausam  ki  jankari  chahiye', 'insect control in sem', 'arbhi ki prajati']"
Bush Squash,332,177,98,49,1,Leiden,"['mausam ki jankari chahiy', 'parwal ki phalee kali hokar gal rhee hai', 'mosam ke bare batye', 'about weather information', 'gross']"
Spine Gourd,325,295,105,57,1,Leiden,"['parvar pila pr ke sukh rha hai', 'cultivation of spine gourd', 'farmer asked query on weather', 'parvar me kit ki dva bta de', 'weather information']"
Bell Pepper,317,236,130,83,1,Leiden,"['about weather information', 'mausam ki jankari ke liye', 'shimla mirch me patti kali ho rahi hai', 'information about bell pepper seed', 'fungas']"
Custard Apple,313,286,97,51,1,Leiden,"['information about the fruit and flower dropping  problem in custard apple', 'anar ka phal gir raha hai', 'about weather information', 'mosam ki jankari', 'nutrient management']"
Leafy Vegetable,295,249,113,69,1,Leiden,"['bhindi ki jankari', 'plant protection of leafy vegetable  crop', 'methi me kida laga hai', 'insect control in palak', 'farmer asked query on weather']"
Cotton (Kapas),293,117,21,2,1,Leiden,"['farmer asked query on weather', 'information about varieties of cotton crop', 'information about npk 05234 spray in cotton crop', 'what type of soil should be there for cotton cultivation', 'mandi price haathras kosikalan  cotton']"
Kiwi Fruit,291,266,78,35,1,Leiden,"['information about cultivation kiwi fruit', 'kiwi ki kheti kab ho sakta hai', 'flower dropping control in kinnow', 'asking about weather information', 'dragon fruit  information']"
China Astor,290,135,94,51,1,Leiden,"['weather information', 'mausam ki jankari', 'information of seed registration', 'fungas in', 'manure in paddy']"
Mulberry,287,235,59,16,1,Leiden,"['information about flower and fruit dropping in mulberry', 'mulberry ka phal gir raha hai', 'gross in wheat', 'mausam ki jankari', 'varity of wheat']"
Fig,286,267,55,13,1,Leiden,"['information about flower and fruit dropping in  fig', 'anjeer ke fal kaale hokar gir rahe hai kya kare', 'asking about weather information', 'mosam ki jankari', 'the exact time of applying the dragon fruit']"
Tumba,275,233,63,22,1,Leiden,"['torai ki pattiyo me kida lag raha  hai', 'tinda  cultivation', 'torai ki prajati  ki jankari de', 'information about tomato', 'torai ka jamaw hoga']"
Jute,274,145,93,52,1,Leiden,"['about weather information', 'guar ktrni hai', 'mausam ki jankari chahiy', 'information of seed registration', 'variety of jute']"
Sal Wood,273,247,109,69,1,Leiden,"['pakar ka ped sookh raha hai', 'information about in sal wood', 'provide information regarding sandalwood cultivation', 'plant availability information of mahogany', 'information about control for termite in rosewood plant']"
Ivy Gourd,271,246,77,37,1,Leiden,"['information about insect and fungus control in ivy gourd', 'parval me phool nahi aa rahe hai', 'farmer asked query on weather', 'give information about lvy gourd variety', 'information about weather forecast of block gonda  in district  aligarh']"
Periwinkle,268,243,108,68,1,Leiden,"['akrkara ki kheti ki jankari de', 'information of ashwagandha crops', 'information about cimap lucknow contact number', 'information regarding medicinal plants', 'sowing time of lemon grass']"
Betel Vine,263,248,91,52,1,Leiden,"['information about betel  vine cultivation', 'kahu ki kheti ki jankari', 'pan ke paudhe ko kida kat raha hai', 'farmer asked query on weather', 'information of medicinal plant']"
Jasmine,262,233,81,42,1,Leiden,"['provide information regarding pest control in jasmine plant', 'bela ki pattiya pili ho rahe hai', 'information about insect control in jasmin plant', 'asking about weather information', 'jarbera ke kheti ke bare me jankari']"
Chinese Cabbage,253,218,118,81,1,Leiden,"['chikori ke lagane ka kya samay hai', 'mausam ki jankari chahiy', 'fungas', 'information of weather', 'pest in chilli']"
Moth Bean kidney bean deww gram,244,208,111,75,1,Leiden,"['matar me pattiya pili apd rhi hai', 'matar ki jankari ke liye', 'asking about weather information', 'information about insect control in bean crop', 'rajma sowing time  seed rate']"
Turkey,242,212,39,7,1,Leiden,"['murgi palan ki jankari', 'i want to poultry farming related information', 'provide information about the contact details of central avian research institute', 'information of beekeeping', 'asking about weather information']"
Caleus,240,223,105,69,1,Leiden,"['kahu ki kheti ki jankari', 'information for medicinal plant', 'about weather information', 'lucknow cimap  ka number', 'information about lemon grass cultivation']"
Turnip Saljam,239,212,76,41,1,Leiden,"['information about turnip crop', 'tinda ki prajati', 'haldi ki patti ki pili pad rahi hai', 'insect control in turnip', 'muli  me kida lag raha hai']"
Gerbera,238,209,103,68,1,Leiden,"['information about gerbera cultivation', 'gudhal me kida laga hai', 'mausam ki jankari chahiy', 'about weather information', 'kida marne ki dawa']"
Carnation,236,152,108,73,1,Leiden,"['asking about weather information', 'mausam ki jankari', 'varity of wheat', 'malti ka  paudha pial pad raha hai', 'insect in flower']"
Greater Yam,236,219,98,63,1,Leiden,"['khira  pila pad raha hai', 'sabji ki jankari ke bare me jankari ke liye', 'information about seed rate for elephant yam crop', 'information about time of sowing of suran crop', 'farmer asked query on weather']"
Honey plant,234,191,94,59,1,Leiden,"['honey bee palan ki jankari', 'information about planting time for palmarosa medicinal crop', 'informetion about cimap lucknow contact number', 'information about planting time for mahogani plant', 'farmer asked query on weather']"
Rajmash Bean,232,202,57,23,1,Leiden,"['information about sowing time of rajma crop', 'rajma ki buwai karne ki samay ki jankari de', 'asking about weather information', 'lobiya me kit laga hai', 'varity of wheat']"
Smooth Guard,230,203,90,56,1,Leiden,"['torai ka phal khrab ho raha hai', 'smooth gourd ka phol jhad raha hai', 'information about control of sucking type insect in smooth gourd crop', 'cultivation of smooth guard', 'improved varieties of ash gourd crop']"
Indian Squash TindaRound Melon,229,212,60,26,1,Leiden,"['plant proection in tinda crop', 'tinda me ghaas ho rahi hai kya kare', 'information about pest management in indian squash crop', 'farmer want to weather information', 'information about sowing time in round gourd']"
Pear,224,203,38,9,1,Leiden,"['information about planting of pear', 'pear ka phul gir raha hai', 'anar ki jankari', 'information about weather forecast of blocktanda in districtambedkar', 'control of flower dropping in lemon']"
Indian Bean Vegetable,217,201,90,58,1,Leiden,"['tell me pest control in indian bean', 'sem me kida laga hai ful nahi ruk raha hai', 'farmer is asking about weather information', 'kheti ki jankari chahiy', 'information about weather forecast of block mahewa  in district jalaun']"
Drum Stick,212,192,77,46,1,Leiden,"['information about drum stick cultivation', 'information about obtaining moringa plants', 'sahjan ka paodha sukh rha hai', 'suran ki prajatiya', 'sahjan ki kheti ke bare me jankari den']"
Apricot,208,173,65,34,1,Leiden,"['anar ke phal me kida laga hai', 'flower droping in apricot', 'mausam ki jankari chahiy', 'weather information', 'farmer asked query on weather']"
Clove,201,149,62,32,1,Leiden,"['information about clove plant', 'lesun ki patti pili ho kar sikhud rahi hai', 'nutrient ki deficiencey', 'asking about weather information', 'sowing time in ajwaine']"
Pepper,199,175,66,37,1,Leiden,"['kali mirch ki kheti kar sakte hai', 'information about black pepper cultivation', 'information about cultivation of black paper', 'information about production of lotus root by traditional method', 'information about helpline number of horticulture department']"
Pineapple,199,177,44,15,1,Leiden,"['information about pineapple', 'anar ka phal gir raha hai', 'pineapple ki kheti kar sakate hai', 'flower dropping in pomegranate', 'flower dropping in anaar fruit']"
Barley (Jau),196,106,23,3,1,Leiden,"['give information about weed control of barley crops', 'farmer asked query on weather', 'information about problem of yellowing in barley crop', 'information about weed medicine is causing harm what should be the treatment', 'information about bare slug  in barley jau']"
Spinach (Palak),192,94,24,3,1,Leiden,"['information about the variety of spinach crop', 'farmer asked query on weather', 'palak nhi ugi hai', 'information about use of sagarika in spinach crop', 'give information about spray foam dose of npk']"
Plum,189,170,69,41,1,Leiden,"['information about control of the flower dropping in plum', 'jaman ma phal nahi aa raha hai', 'provide information about date palm cultivation', 'information about of  beekeeping and dbt', 'give the information about weather forecast']"
Ash Gourd (Petha),185,117,17,2,1,Leiden,"['give information on the variety of ash gourd crops', 'farmer asked query on weather', 'petha ki fasal me udane wale keet ke niyantran ke lie kya kare', 'information about relief fund from government for crop damage due to hailstorm', 'information about availability of planting material of papaya']"
Jatropha Ratanjot,173,130,64,39,1,Leiden,"['jatropha ka planting time ki jankari', 'jetropha sowingplanting seasion', 'neem ke paudhe se gond nikala raha hai', 'kanak champa ka poda badwar nahi ho rahi hai', 'plant protection related information center batao']"
Avacado,173,152,73,48,1,Leiden,"['anar ka phal gir raha hai', 'plant protection in avacado crop', 'mausam ki jankari', 'weather information', 'information about control of fruits dropping in coconut']"
Raya (Indian Mustard),171,59,17,4,2,Leiden,"['farmer asked query on weather', 'information about irrigation in raya mustard oilseeds', 'information about control of aphid and white blister disease in mustard crop', 'tell about weather information of raya in mathura district', 'provide information to diagnose the problem of rot in mustard crop']"
Mochai lab-lab,171,118,76,51,1,Leiden,"['about weather information', 'mausam ki jankari chahiy', 'guar pili ho rhi hai', 'ganee me suri ki samasya hai', 'mausam ke bare me janna hai']"
Crossandra,171,103,74,49,1,Leiden,"['asking about weather information', 'mausam ki jankari chahiy', 'information about plant protection in flower', 'mausam ke bare me janna  hai', 'gudhal ka phool me kide lag rahe hai']"
Loquat,163,157,51,27,1,Leiden,"['aadu ka phal gir  raha hai', 'information about pest management and disease management in mango plants', 'information about loquat planting', 'nariyal ki jankari', 'information about the control of stem borer in mango']"
Cymbidium,157,123,86,63,1,Leiden,"['asking about weather information', 'mausam ke bare me janna hai', 'mausam ki jankari chahiy', 'abaj nahi aa rahi hai', 'phool me kide lage hai']"
Summer Squash Vegetable Marrow,156,150,79,56,1,Leiden,"['kadhu me patta pila ho raha hai', 'information about sowing time of summer squash', 'information about fertilizer application in squash melon crop', 'suran ki kheti ki jankari', 'disease problem in tinda crop']"
Winged Bean,154,132,70,47,1,Leiden,"['soyabean ki jankari ke liye', 'information about weather', 'guar me faliya nahi aa rahi hai', 'mater me phodhe sukh rhe hai', 'information about sowing time for ramdana crop']"
Guineafowl,149,127,35,13,1,Leiden,"['murgi palan ki jankari', 'information about poultry farming', 'ivri ka no', 'information about quail farming', 'asking about murgi  palan']"
Anthurium,145,120,100,79,1,Leiden,"['gudahal me keede lag rahe hain', 'mausam ki jnakari', 'weather information', 'varity of wheat', 'gross in maize']"
Rabbit,142,129,35,14,1,Leiden,"['rabbit khargosh palan karana hai', 'information about in rabbit', 'information regarding protection against skin diseases on the nose and mouth of rabbits', 'farmer asked query on weather', 'disease management in cow animal']"
Walnut,142,123,75,54,1,Leiden,"['farmer is asking about weather information', 'singhada ki bel me lal keeda lag raha hai', 'walnut cultivation information', 'disease management in water chestnut crop', 'vari of wheat']"
Ribbed Gourd (Kali Tori),142,108,15,3,1,Leiden,"['information about of insect management in ribbed gourd crop', 'farmer asked query on weather', 'give information about of  nutrient management in kali tori crop', 'taroi ki fasal me keet ke niyantran ke lie kya kare', 'information about sowing of satputia']"
Goose,135,119,45,25,1,Leiden,"['murgi palan ki jankari', 'information about poultry farming', 'weather information', 'fish information', 'avian research']"
Roselle Mesta,131,86,65,46,1,Leiden,"['asking about weather information', 'mausam ki  jankari  chahte hai', 'information of seed registration', 'kachari me kida laga hai', 'decha lagana hai']"
Celery,130,98,60,41,1,Leiden,"['celery farming information', 'asking about weather information', 'information of seed registration', 'mausam ki jankari', 'dhaniya ki fal sukh rha hai']"
Palmyra,127,120,82,63,1,Leiden,"['sisam ki patti pili par rahi hai', 'information about control of termite insect in bottle palm plant', 'asking about weather information', 'information about advantage of peepal tree', 'papular ke kheti ke bare me jankare']"
Sheep,127,103,39,20,1,Leiden,"['pashu palan ki jankari', 'farmer asked query on weather', 'information about sheep farming', 'sheep bimar hai', 'suar palan ke bare me']"
Camel,127,104,50,31,1,Leiden,"['pashupaln ki jankari', 'bhais ke beli nikal rahi hai', 'contact number of animal helpline', 'gay ko kutte ne kat liya hai', 'animal ki problem hi']"
Yard Long Bean,125,110,66,48,1,Leiden,"['give information for pest management in the yard long bean crop', 'suran ki kheti ki jankari', 'elephant yam varieties', 'give information about cultivation of suran', 'asking about weather information']"
Chinar Tree,123,117,71,53,1,Leiden,"['chandan ki kheti ke bare me jankari lena hai', 'insect control in the chinar tree', 'information about improved cultivars of bamboo', 'weather information', 'dhan me pila pan hai kira laga hai']"
Indian rapeseed and mustard (yellow sarson),123,40,9,2,1,Leiden,"['farmer asked query on weather', 'information regarding irrigation in mustard crop', 'information about the control of blight in crop', 'information about nutrient management in musturd crops', 'information regarding the market price of mustard']"
Knol-Khol,121,111,71,53,1,Leiden,"['kirra me phal kam aa raha hai', 'farmer asked query on weather', 'information about to control sucking pest and caterpillar in potato crop', 'give information about root rot control in knolkhol', 'kaddu ki verty']"
Cinnamon,119,98,75,58,1,Leiden,"['asking about weather information', 'jire ki buaai ki jankari', 'mausam ke bare me janna hai', 'information about cinnamon', 'saumf me mahu lag rahi hai']"
Lilliums,119,106,74,57,1,Leiden,"['lili ki kheti ki jankari chahiye', 'information about lotus cultivation', 'information about horticulture department', 'pool ki samsaya ke liye', 'disease in flower']"
DatePalm,114,109,56,39,1,Leiden,"['maniplant ki patti kali hokar suk rahi hai', 'information about cultivation of date palm', 'asking about krishi vigan kendra', 'dry of ashok plant', 'haldi ke khet me  khar patwar ki rok tham keliye']"
Hazlenut,113,97,54,38,1,Leiden,"['nariyal ka phal gir raha hai', 'mausam ki jankari', 'about weather information', 'information about cultivation of dragan fruit', 'ganee me suri ki samasya hai']"
Arecanut,110,89,70,54,1,Leiden,"['asking about weather info', 'poudha sukh rha hai kya kare', 'baansh ke phaodh me phool aa rhe hai', 'plant protection', 'maaken me banari ghass se bachaw']"
Horse,108,102,52,36,1,Leiden,"['ghoda mitti kha raha hai', 'murgi palan ki jankari', 'horse information', 'horse ko pesab 2 din se nhi a rhi hai', 'pash ki samasya hai']"
Tuberose,105,102,54,39,1,Leiden,"['need information related to tuberose cultivation', 'rajnigandha ki variety bataye', 'tuberose ki kheti ki jankari', 'information about lotus cultivation', 'rajnigandha ki spacing']"
